100000,2001:19f0:5001:39b0:5400:04ff:fe4d:2d17,2604:4540:80::1,vultramsterdam_to_2604:4540:80::/48
200000,2604:4540:80::1,2001:19f0:5001:39b0:5400:04ff:fe4d:2d17,2604:4540:80::/48_to_vultramsterdam
100001,2001:19f0:5001:39b0:5400:04ff:fe4d:2d17,2604:4540:81::1,vultramsterdam_to_2604:4540:81::/48
200100,2604:4540:81::1,2001:19f0:5001:39b0:5400:04ff:fe4d:2d17,2604:4540:81::/48_to_vultramsterdam
100002,2001:19f0:5001:39b0:5400:04ff:fe4d:2d17,2604:4540:82::1,vultramsterdam_to_2604:4540:82::/48
200200,2604:4540:82::1,2001:19f0:5001:39b0:5400:04ff:fe4d:2d17,2604:4540:82::/48_to_vultramsterdam
100003,2001:19f0:5001:39b0:5400:04ff:fe4d:2d17,2604:4540:83::1,vultramsterdam_to_2604:4540:83::/48
200300,2604:4540:83::1,2001:19f0:5001:39b0:5400:04ff:fe4d:2d17,2604:4540:83::/48_to_vultramsterdam
100004,2001:19f0:5001:39b0:5400:04ff:fe4d:2d17,2604:4540:84::1,vultramsterdam_to_2604:4540:84::/48
200400,2604:4540:84::1,2001:19f0:5001:39b0:5400:04ff:fe4d:2d17,2604:4540:84::/48_to_vultramsterdam
100005,2001:19f0:5001:39b0:5400:04ff:fe4d:2d17,2604:4540:85::1,vultramsterdam_to_2604:4540:85::/48
200500,2604:4540:85::1,2001:19f0:5001:39b0:5400:04ff:fe4d:2d17,2604:4540:85::/48_to_vultramsterdam
100006,2001:19f0:5001:39b0:5400:04ff:fe4d:2d17,2604:4540:86::1,vultramsterdam_to_2604:4540:86::/48
200600,2604:4540:86::1,2001:19f0:5001:39b0:5400:04ff:fe4d:2d17,2604:4540:86::/48_to_vultramsterdam
100007,2001:19f0:5001:39b0:5400:04ff:fe4d:2d17,2604:4540:87::1,vultramsterdam_to_2604:4540:87::/48
200700,2604:4540:87::1,2001:19f0:5001:39b0:5400:04ff:fe4d:2d17,2604:4540:87::/48_to_vultramsterdam
100008,2001:19f0:5001:39b0:5400:04ff:fe4d:2d17,2604:4540:88::1,vultramsterdam_to_2604:4540:88::/48
200800,2604:4540:88::1,2001:19f0:5001:39b0:5400:04ff:fe4d:2d17,2604:4540:88::/48_to_vultramsterdam
100009,2001:19f0:5001:39b0:5400:04ff:fe4d:2d17,2604:4540:89::1,vultramsterdam_to_2604:4540:89::/48
200900,2604:4540:89::1,2001:19f0:5001:39b0:5400:04ff:fe4d:2d17,2604:4540:89::/48_to_vultramsterdam
100010,2001:19f0:5001:39b0:5400:04ff:fe4d:2d17,2604:4540:8a::1,vultramsterdam_to_2604:4540:8a::/48
201000,2604:4540:8a::1,2001:19f0:5001:39b0:5400:04ff:fe4d:2d17,2604:4540:8a::/48_to_vultramsterdam
100011,2001:19f0:5001:39b0:5400:04ff:fe4d:2d17,2604:4540:8b::1,vultramsterdam_to_2604:4540:8b::/48
201100,2604:4540:8b::1,2001:19f0:5001:39b0:5400:04ff:fe4d:2d17,2604:4540:8b::/48_to_vultramsterdam
100012,2001:19f0:5001:39b0:5400:04ff:fe4d:2d17,2604:4540:8c::1,vultramsterdam_to_2604:4540:8c::/48
201200,2604:4540:8c::1,2001:19f0:5001:39b0:5400:04ff:fe4d:2d17,2604:4540:8c::/48_to_vultramsterdam
100013,2001:19f0:5001:39b0:5400:04ff:fe4d:2d17,2604:4540:8d::1,vultramsterdam_to_2604:4540:8d::/48
201300,2604:4540:8d::1,2001:19f0:5001:39b0:5400:04ff:fe4d:2d17,2604:4540:8d::/48_to_vultramsterdam
100014,2001:19f0:5001:39b0:5400:04ff:fe4d:2d17,2604:4540:8e::1,vultramsterdam_to_2604:4540:8e::/48
201400,2604:4540:8e::1,2001:19f0:5001:39b0:5400:04ff:fe4d:2d17,2604:4540:8e::/48_to_vultramsterdam
100015,2001:19f0:5001:39b0:5400:04ff:fe4d:2d17,2604:4540:8f::1,vultramsterdam_to_2604:4540:8f::/48
201500,2604:4540:8f::1,2001:19f0:5001:39b0:5400:04ff:fe4d:2d17,2604:4540:8f::/48_to_vultramsterdam
100100,2001:19f0:5401:0fbe:5400:04ff:fe4d:2d19,2604:4540:80::1,vultratlanta_to_2604:4540:80::/48
200001,2604:4540:80::1,2001:19f0:5401:0fbe:5400:04ff:fe4d:2d19,2604:4540:80::/48_to_vultratlanta
100101,2001:19f0:5401:0fbe:5400:04ff:fe4d:2d19,2604:4540:81::1,vultratlanta_to_2604:4540:81::/48
200101,2604:4540:81::1,2001:19f0:5401:0fbe:5400:04ff:fe4d:2d19,2604:4540:81::/48_to_vultratlanta
100102,2001:19f0:5401:0fbe:5400:04ff:fe4d:2d19,2604:4540:82::1,vultratlanta_to_2604:4540:82::/48
200201,2604:4540:82::1,2001:19f0:5401:0fbe:5400:04ff:fe4d:2d19,2604:4540:82::/48_to_vultratlanta
100103,2001:19f0:5401:0fbe:5400:04ff:fe4d:2d19,2604:4540:83::1,vultratlanta_to_2604:4540:83::/48
200301,2604:4540:83::1,2001:19f0:5401:0fbe:5400:04ff:fe4d:2d19,2604:4540:83::/48_to_vultratlanta
100104,2001:19f0:5401:0fbe:5400:04ff:fe4d:2d19,2604:4540:84::1,vultratlanta_to_2604:4540:84::/48
200401,2604:4540:84::1,2001:19f0:5401:0fbe:5400:04ff:fe4d:2d19,2604:4540:84::/48_to_vultratlanta
100105,2001:19f0:5401:0fbe:5400:04ff:fe4d:2d19,2604:4540:85::1,vultratlanta_to_2604:4540:85::/48
200501,2604:4540:85::1,2001:19f0:5401:0fbe:5400:04ff:fe4d:2d19,2604:4540:85::/48_to_vultratlanta
100106,2001:19f0:5401:0fbe:5400:04ff:fe4d:2d19,2604:4540:86::1,vultratlanta_to_2604:4540:86::/48
200601,2604:4540:86::1,2001:19f0:5401:0fbe:5400:04ff:fe4d:2d19,2604:4540:86::/48_to_vultratlanta
100107,2001:19f0:5401:0fbe:5400:04ff:fe4d:2d19,2604:4540:87::1,vultratlanta_to_2604:4540:87::/48
200701,2604:4540:87::1,2001:19f0:5401:0fbe:5400:04ff:fe4d:2d19,2604:4540:87::/48_to_vultratlanta
100108,2001:19f0:5401:0fbe:5400:04ff:fe4d:2d19,2604:4540:88::1,vultratlanta_to_2604:4540:88::/48
200801,2604:4540:88::1,2001:19f0:5401:0fbe:5400:04ff:fe4d:2d19,2604:4540:88::/48_to_vultratlanta
100109,2001:19f0:5401:0fbe:5400:04ff:fe4d:2d19,2604:4540:89::1,vultratlanta_to_2604:4540:89::/48
200901,2604:4540:89::1,2001:19f0:5401:0fbe:5400:04ff:fe4d:2d19,2604:4540:89::/48_to_vultratlanta
100110,2001:19f0:5401:0fbe:5400:04ff:fe4d:2d19,2604:4540:8a::1,vultratlanta_to_2604:4540:8a::/48
201001,2604:4540:8a::1,2001:19f0:5401:0fbe:5400:04ff:fe4d:2d19,2604:4540:8a::/48_to_vultratlanta
100111,2001:19f0:5401:0fbe:5400:04ff:fe4d:2d19,2604:4540:8b::1,vultratlanta_to_2604:4540:8b::/48
201101,2604:4540:8b::1,2001:19f0:5401:0fbe:5400:04ff:fe4d:2d19,2604:4540:8b::/48_to_vultratlanta
100112,2001:19f0:5401:0fbe:5400:04ff:fe4d:2d19,2604:4540:8c::1,vultratlanta_to_2604:4540:8c::/48
201201,2604:4540:8c::1,2001:19f0:5401:0fbe:5400:04ff:fe4d:2d19,2604:4540:8c::/48_to_vultratlanta
100113,2001:19f0:5401:0fbe:5400:04ff:fe4d:2d19,2604:4540:8d::1,vultratlanta_to_2604:4540:8d::/48
201301,2604:4540:8d::1,2001:19f0:5401:0fbe:5400:04ff:fe4d:2d19,2604:4540:8d::/48_to_vultratlanta
100114,2001:19f0:5401:0fbe:5400:04ff:fe4d:2d19,2604:4540:8e::1,vultratlanta_to_2604:4540:8e::/48
201401,2604:4540:8e::1,2001:19f0:5401:0fbe:5400:04ff:fe4d:2d19,2604:4540:8e::/48_to_vultratlanta
100115,2001:19f0:5401:0fbe:5400:04ff:fe4d:2d19,2604:4540:8f::1,vultratlanta_to_2604:4540:8f::/48
201501,2604:4540:8f::1,2001:19f0:5401:0fbe:5400:04ff:fe4d:2d19,2604:4540:8f::/48_to_vultratlanta
100200,2001:19f0:5c01:0143:5400:04ff:fe4d:2d12,2604:4540:80::1,vultrchicago_to_2604:4540:80::/48
200002,2604:4540:80::1,2001:19f0:5c01:0143:5400:04ff:fe4d:2d12,2604:4540:80::/48_to_vultrchicago
100201,2001:19f0:5c01:0143:5400:04ff:fe4d:2d12,2604:4540:81::1,vultrchicago_to_2604:4540:81::/48
200102,2604:4540:81::1,2001:19f0:5c01:0143:5400:04ff:fe4d:2d12,2604:4540:81::/48_to_vultrchicago
100202,2001:19f0:5c01:0143:5400:04ff:fe4d:2d12,2604:4540:82::1,vultrchicago_to_2604:4540:82::/48
200202,2604:4540:82::1,2001:19f0:5c01:0143:5400:04ff:fe4d:2d12,2604:4540:82::/48_to_vultrchicago
100203,2001:19f0:5c01:0143:5400:04ff:fe4d:2d12,2604:4540:83::1,vultrchicago_to_2604:4540:83::/48
200302,2604:4540:83::1,2001:19f0:5c01:0143:5400:04ff:fe4d:2d12,2604:4540:83::/48_to_vultrchicago
100204,2001:19f0:5c01:0143:5400:04ff:fe4d:2d12,2604:4540:84::1,vultrchicago_to_2604:4540:84::/48
200402,2604:4540:84::1,2001:19f0:5c01:0143:5400:04ff:fe4d:2d12,2604:4540:84::/48_to_vultrchicago
100205,2001:19f0:5c01:0143:5400:04ff:fe4d:2d12,2604:4540:85::1,vultrchicago_to_2604:4540:85::/48
200502,2604:4540:85::1,2001:19f0:5c01:0143:5400:04ff:fe4d:2d12,2604:4540:85::/48_to_vultrchicago
100206,2001:19f0:5c01:0143:5400:04ff:fe4d:2d12,2604:4540:86::1,vultrchicago_to_2604:4540:86::/48
200602,2604:4540:86::1,2001:19f0:5c01:0143:5400:04ff:fe4d:2d12,2604:4540:86::/48_to_vultrchicago
100207,2001:19f0:5c01:0143:5400:04ff:fe4d:2d12,2604:4540:87::1,vultrchicago_to_2604:4540:87::/48
200702,2604:4540:87::1,2001:19f0:5c01:0143:5400:04ff:fe4d:2d12,2604:4540:87::/48_to_vultrchicago
100208,2001:19f0:5c01:0143:5400:04ff:fe4d:2d12,2604:4540:88::1,vultrchicago_to_2604:4540:88::/48
200802,2604:4540:88::1,2001:19f0:5c01:0143:5400:04ff:fe4d:2d12,2604:4540:88::/48_to_vultrchicago
100209,2001:19f0:5c01:0143:5400:04ff:fe4d:2d12,2604:4540:89::1,vultrchicago_to_2604:4540:89::/48
200902,2604:4540:89::1,2001:19f0:5c01:0143:5400:04ff:fe4d:2d12,2604:4540:89::/48_to_vultrchicago
100210,2001:19f0:5c01:0143:5400:04ff:fe4d:2d12,2604:4540:8a::1,vultrchicago_to_2604:4540:8a::/48
201002,2604:4540:8a::1,2001:19f0:5c01:0143:5400:04ff:fe4d:2d12,2604:4540:8a::/48_to_vultrchicago
100211,2001:19f0:5c01:0143:5400:04ff:fe4d:2d12,2604:4540:8b::1,vultrchicago_to_2604:4540:8b::/48
201102,2604:4540:8b::1,2001:19f0:5c01:0143:5400:04ff:fe4d:2d12,2604:4540:8b::/48_to_vultrchicago
100212,2001:19f0:5c01:0143:5400:04ff:fe4d:2d12,2604:4540:8c::1,vultrchicago_to_2604:4540:8c::/48
201202,2604:4540:8c::1,2001:19f0:5c01:0143:5400:04ff:fe4d:2d12,2604:4540:8c::/48_to_vultrchicago
100213,2001:19f0:5c01:0143:5400:04ff:fe4d:2d12,2604:4540:8d::1,vultrchicago_to_2604:4540:8d::/48
201302,2604:4540:8d::1,2001:19f0:5c01:0143:5400:04ff:fe4d:2d12,2604:4540:8d::/48_to_vultrchicago
100214,2001:19f0:5c01:0143:5400:04ff:fe4d:2d12,2604:4540:8e::1,vultrchicago_to_2604:4540:8e::/48
201402,2604:4540:8e::1,2001:19f0:5c01:0143:5400:04ff:fe4d:2d12,2604:4540:8e::/48_to_vultrchicago
100215,2001:19f0:5c01:0143:5400:04ff:fe4d:2d12,2604:4540:8f::1,vultrchicago_to_2604:4540:8f::/48
201502,2604:4540:8f::1,2001:19f0:5c01:0143:5400:04ff:fe4d:2d12,2604:4540:8f::/48_to_vultrchicago
100300,2001:19f0:6402:0efd:5400:04ff:fe4d:2d27,2604:4540:80::1,vultrdallas_to_2604:4540:80::/48
200003,2604:4540:80::1,2001:19f0:6402:0efd:5400:04ff:fe4d:2d27,2604:4540:80::/48_to_vultrdallas
100301,2001:19f0:6402:0efd:5400:04ff:fe4d:2d27,2604:4540:81::1,vultrdallas_to_2604:4540:81::/48
200103,2604:4540:81::1,2001:19f0:6402:0efd:5400:04ff:fe4d:2d27,2604:4540:81::/48_to_vultrdallas
100302,2001:19f0:6402:0efd:5400:04ff:fe4d:2d27,2604:4540:82::1,vultrdallas_to_2604:4540:82::/48
200203,2604:4540:82::1,2001:19f0:6402:0efd:5400:04ff:fe4d:2d27,2604:4540:82::/48_to_vultrdallas
100303,2001:19f0:6402:0efd:5400:04ff:fe4d:2d27,2604:4540:83::1,vultrdallas_to_2604:4540:83::/48
200303,2604:4540:83::1,2001:19f0:6402:0efd:5400:04ff:fe4d:2d27,2604:4540:83::/48_to_vultrdallas
100304,2001:19f0:6402:0efd:5400:04ff:fe4d:2d27,2604:4540:84::1,vultrdallas_to_2604:4540:84::/48
200403,2604:4540:84::1,2001:19f0:6402:0efd:5400:04ff:fe4d:2d27,2604:4540:84::/48_to_vultrdallas
100305,2001:19f0:6402:0efd:5400:04ff:fe4d:2d27,2604:4540:85::1,vultrdallas_to_2604:4540:85::/48
200503,2604:4540:85::1,2001:19f0:6402:0efd:5400:04ff:fe4d:2d27,2604:4540:85::/48_to_vultrdallas
100306,2001:19f0:6402:0efd:5400:04ff:fe4d:2d27,2604:4540:86::1,vultrdallas_to_2604:4540:86::/48
200603,2604:4540:86::1,2001:19f0:6402:0efd:5400:04ff:fe4d:2d27,2604:4540:86::/48_to_vultrdallas
100307,2001:19f0:6402:0efd:5400:04ff:fe4d:2d27,2604:4540:87::1,vultrdallas_to_2604:4540:87::/48
200703,2604:4540:87::1,2001:19f0:6402:0efd:5400:04ff:fe4d:2d27,2604:4540:87::/48_to_vultrdallas
100308,2001:19f0:6402:0efd:5400:04ff:fe4d:2d27,2604:4540:88::1,vultrdallas_to_2604:4540:88::/48
200803,2604:4540:88::1,2001:19f0:6402:0efd:5400:04ff:fe4d:2d27,2604:4540:88::/48_to_vultrdallas
100309,2001:19f0:6402:0efd:5400:04ff:fe4d:2d27,2604:4540:89::1,vultrdallas_to_2604:4540:89::/48
200903,2604:4540:89::1,2001:19f0:6402:0efd:5400:04ff:fe4d:2d27,2604:4540:89::/48_to_vultrdallas
100310,2001:19f0:6402:0efd:5400:04ff:fe4d:2d27,2604:4540:8a::1,vultrdallas_to_2604:4540:8a::/48
201003,2604:4540:8a::1,2001:19f0:6402:0efd:5400:04ff:fe4d:2d27,2604:4540:8a::/48_to_vultrdallas
100311,2001:19f0:6402:0efd:5400:04ff:fe4d:2d27,2604:4540:8b::1,vultrdallas_to_2604:4540:8b::/48
201103,2604:4540:8b::1,2001:19f0:6402:0efd:5400:04ff:fe4d:2d27,2604:4540:8b::/48_to_vultrdallas
100312,2001:19f0:6402:0efd:5400:04ff:fe4d:2d27,2604:4540:8c::1,vultrdallas_to_2604:4540:8c::/48
201203,2604:4540:8c::1,2001:19f0:6402:0efd:5400:04ff:fe4d:2d27,2604:4540:8c::/48_to_vultrdallas
100313,2001:19f0:6402:0efd:5400:04ff:fe4d:2d27,2604:4540:8d::1,vultrdallas_to_2604:4540:8d::/48
201303,2604:4540:8d::1,2001:19f0:6402:0efd:5400:04ff:fe4d:2d27,2604:4540:8d::/48_to_vultrdallas
100314,2001:19f0:6402:0efd:5400:04ff:fe4d:2d27,2604:4540:8e::1,vultrdallas_to_2604:4540:8e::/48
201403,2604:4540:8e::1,2001:19f0:6402:0efd:5400:04ff:fe4d:2d27,2604:4540:8e::/48_to_vultrdallas
100315,2001:19f0:6402:0efd:5400:04ff:fe4d:2d27,2604:4540:8f::1,vultrdallas_to_2604:4540:8f::/48
201503,2604:4540:8f::1,2001:19f0:6402:0efd:5400:04ff:fe4d:2d27,2604:4540:8f::/48_to_vultrdallas
100400,2001:19f0:6c01:1b86:5400:04ff:fe4d:2d37,2604:4540:80::1,vultrfrankfurt_to_2604:4540:80::/48
200004,2604:4540:80::1,2001:19f0:6c01:1b86:5400:04ff:fe4d:2d37,2604:4540:80::/48_to_vultrfrankfurt
100401,2001:19f0:6c01:1b86:5400:04ff:fe4d:2d37,2604:4540:81::1,vultrfrankfurt_to_2604:4540:81::/48
200104,2604:4540:81::1,2001:19f0:6c01:1b86:5400:04ff:fe4d:2d37,2604:4540:81::/48_to_vultrfrankfurt
100402,2001:19f0:6c01:1b86:5400:04ff:fe4d:2d37,2604:4540:82::1,vultrfrankfurt_to_2604:4540:82::/48
200204,2604:4540:82::1,2001:19f0:6c01:1b86:5400:04ff:fe4d:2d37,2604:4540:82::/48_to_vultrfrankfurt
100403,2001:19f0:6c01:1b86:5400:04ff:fe4d:2d37,2604:4540:83::1,vultrfrankfurt_to_2604:4540:83::/48
200304,2604:4540:83::1,2001:19f0:6c01:1b86:5400:04ff:fe4d:2d37,2604:4540:83::/48_to_vultrfrankfurt
100404,2001:19f0:6c01:1b86:5400:04ff:fe4d:2d37,2604:4540:84::1,vultrfrankfurt_to_2604:4540:84::/48
200404,2604:4540:84::1,2001:19f0:6c01:1b86:5400:04ff:fe4d:2d37,2604:4540:84::/48_to_vultrfrankfurt
100405,2001:19f0:6c01:1b86:5400:04ff:fe4d:2d37,2604:4540:85::1,vultrfrankfurt_to_2604:4540:85::/48
200504,2604:4540:85::1,2001:19f0:6c01:1b86:5400:04ff:fe4d:2d37,2604:4540:85::/48_to_vultrfrankfurt
100406,2001:19f0:6c01:1b86:5400:04ff:fe4d:2d37,2604:4540:86::1,vultrfrankfurt_to_2604:4540:86::/48
200604,2604:4540:86::1,2001:19f0:6c01:1b86:5400:04ff:fe4d:2d37,2604:4540:86::/48_to_vultrfrankfurt
100407,2001:19f0:6c01:1b86:5400:04ff:fe4d:2d37,2604:4540:87::1,vultrfrankfurt_to_2604:4540:87::/48
200704,2604:4540:87::1,2001:19f0:6c01:1b86:5400:04ff:fe4d:2d37,2604:4540:87::/48_to_vultrfrankfurt
100408,2001:19f0:6c01:1b86:5400:04ff:fe4d:2d37,2604:4540:88::1,vultrfrankfurt_to_2604:4540:88::/48
200804,2604:4540:88::1,2001:19f0:6c01:1b86:5400:04ff:fe4d:2d37,2604:4540:88::/48_to_vultrfrankfurt
100409,2001:19f0:6c01:1b86:5400:04ff:fe4d:2d37,2604:4540:89::1,vultrfrankfurt_to_2604:4540:89::/48
200904,2604:4540:89::1,2001:19f0:6c01:1b86:5400:04ff:fe4d:2d37,2604:4540:89::/48_to_vultrfrankfurt
100410,2001:19f0:6c01:1b86:5400:04ff:fe4d:2d37,2604:4540:8a::1,vultrfrankfurt_to_2604:4540:8a::/48
201004,2604:4540:8a::1,2001:19f0:6c01:1b86:5400:04ff:fe4d:2d37,2604:4540:8a::/48_to_vultrfrankfurt
100411,2001:19f0:6c01:1b86:5400:04ff:fe4d:2d37,2604:4540:8b::1,vultrfrankfurt_to_2604:4540:8b::/48
201104,2604:4540:8b::1,2001:19f0:6c01:1b86:5400:04ff:fe4d:2d37,2604:4540:8b::/48_to_vultrfrankfurt
100412,2001:19f0:6c01:1b86:5400:04ff:fe4d:2d37,2604:4540:8c::1,vultrfrankfurt_to_2604:4540:8c::/48
201204,2604:4540:8c::1,2001:19f0:6c01:1b86:5400:04ff:fe4d:2d37,2604:4540:8c::/48_to_vultrfrankfurt
100413,2001:19f0:6c01:1b86:5400:04ff:fe4d:2d37,2604:4540:8d::1,vultrfrankfurt_to_2604:4540:8d::/48
201304,2604:4540:8d::1,2001:19f0:6c01:1b86:5400:04ff:fe4d:2d37,2604:4540:8d::/48_to_vultrfrankfurt
100414,2001:19f0:6c01:1b86:5400:04ff:fe4d:2d37,2604:4540:8e::1,vultrfrankfurt_to_2604:4540:8e::/48
201404,2604:4540:8e::1,2001:19f0:6c01:1b86:5400:04ff:fe4d:2d37,2604:4540:8e::/48_to_vultrfrankfurt
100415,2001:19f0:6c01:1b86:5400:04ff:fe4d:2d37,2604:4540:8f::1,vultrfrankfurt_to_2604:4540:8f::/48
201504,2604:4540:8f::1,2001:19f0:6c01:1b86:5400:04ff:fe4d:2d37,2604:4540:8f::/48_to_vultrfrankfurt
100500,2001:19f0:6001:5678:5400:04ff:fe4d:2d11,2604:4540:80::1,vultrla_to_2604:4540:80::/48
200005,2604:4540:80::1,2001:19f0:6001:5678:5400:04ff:fe4d:2d11,2604:4540:80::/48_to_vultrla
100501,2001:19f0:6001:5678:5400:04ff:fe4d:2d11,2604:4540:81::1,vultrla_to_2604:4540:81::/48
200105,2604:4540:81::1,2001:19f0:6001:5678:5400:04ff:fe4d:2d11,2604:4540:81::/48_to_vultrla
100502,2001:19f0:6001:5678:5400:04ff:fe4d:2d11,2604:4540:82::1,vultrla_to_2604:4540:82::/48
200205,2604:4540:82::1,2001:19f0:6001:5678:5400:04ff:fe4d:2d11,2604:4540:82::/48_to_vultrla
100503,2001:19f0:6001:5678:5400:04ff:fe4d:2d11,2604:4540:83::1,vultrla_to_2604:4540:83::/48
200305,2604:4540:83::1,2001:19f0:6001:5678:5400:04ff:fe4d:2d11,2604:4540:83::/48_to_vultrla
100504,2001:19f0:6001:5678:5400:04ff:fe4d:2d11,2604:4540:84::1,vultrla_to_2604:4540:84::/48
200405,2604:4540:84::1,2001:19f0:6001:5678:5400:04ff:fe4d:2d11,2604:4540:84::/48_to_vultrla
100505,2001:19f0:6001:5678:5400:04ff:fe4d:2d11,2604:4540:85::1,vultrla_to_2604:4540:85::/48
200505,2604:4540:85::1,2001:19f0:6001:5678:5400:04ff:fe4d:2d11,2604:4540:85::/48_to_vultrla
100506,2001:19f0:6001:5678:5400:04ff:fe4d:2d11,2604:4540:86::1,vultrla_to_2604:4540:86::/48
200605,2604:4540:86::1,2001:19f0:6001:5678:5400:04ff:fe4d:2d11,2604:4540:86::/48_to_vultrla
100507,2001:19f0:6001:5678:5400:04ff:fe4d:2d11,2604:4540:87::1,vultrla_to_2604:4540:87::/48
200705,2604:4540:87::1,2001:19f0:6001:5678:5400:04ff:fe4d:2d11,2604:4540:87::/48_to_vultrla
100508,2001:19f0:6001:5678:5400:04ff:fe4d:2d11,2604:4540:88::1,vultrla_to_2604:4540:88::/48
200805,2604:4540:88::1,2001:19f0:6001:5678:5400:04ff:fe4d:2d11,2604:4540:88::/48_to_vultrla
100509,2001:19f0:6001:5678:5400:04ff:fe4d:2d11,2604:4540:89::1,vultrla_to_2604:4540:89::/48
200905,2604:4540:89::1,2001:19f0:6001:5678:5400:04ff:fe4d:2d11,2604:4540:89::/48_to_vultrla
100510,2001:19f0:6001:5678:5400:04ff:fe4d:2d11,2604:4540:8a::1,vultrla_to_2604:4540:8a::/48
201005,2604:4540:8a::1,2001:19f0:6001:5678:5400:04ff:fe4d:2d11,2604:4540:8a::/48_to_vultrla
100511,2001:19f0:6001:5678:5400:04ff:fe4d:2d11,2604:4540:8b::1,vultrla_to_2604:4540:8b::/48
201105,2604:4540:8b::1,2001:19f0:6001:5678:5400:04ff:fe4d:2d11,2604:4540:8b::/48_to_vultrla
100512,2001:19f0:6001:5678:5400:04ff:fe4d:2d11,2604:4540:8c::1,vultrla_to_2604:4540:8c::/48
201205,2604:4540:8c::1,2001:19f0:6001:5678:5400:04ff:fe4d:2d11,2604:4540:8c::/48_to_vultrla
100513,2001:19f0:6001:5678:5400:04ff:fe4d:2d11,2604:4540:8d::1,vultrla_to_2604:4540:8d::/48
201305,2604:4540:8d::1,2001:19f0:6001:5678:5400:04ff:fe4d:2d11,2604:4540:8d::/48_to_vultrla
100514,2001:19f0:6001:5678:5400:04ff:fe4d:2d11,2604:4540:8e::1,vultrla_to_2604:4540:8e::/48
201405,2604:4540:8e::1,2001:19f0:6001:5678:5400:04ff:fe4d:2d11,2604:4540:8e::/48_to_vultrla
100515,2001:19f0:6001:5678:5400:04ff:fe4d:2d11,2604:4540:8f::1,vultrla_to_2604:4540:8f::/48
201505,2604:4540:8f::1,2001:19f0:6001:5678:5400:04ff:fe4d:2d11,2604:4540:8f::/48_to_vultrla
100600,2001:19f0:7401:8417:5400:04ff:fe4d:2d39,2604:4540:80::1,vultrlondon_to_2604:4540:80::/48
200006,2604:4540:80::1,2001:19f0:7401:8417:5400:04ff:fe4d:2d39,2604:4540:80::/48_to_vultrlondon
100601,2001:19f0:7401:8417:5400:04ff:fe4d:2d39,2604:4540:81::1,vultrlondon_to_2604:4540:81::/48
200106,2604:4540:81::1,2001:19f0:7401:8417:5400:04ff:fe4d:2d39,2604:4540:81::/48_to_vultrlondon
100602,2001:19f0:7401:8417:5400:04ff:fe4d:2d39,2604:4540:82::1,vultrlondon_to_2604:4540:82::/48
200206,2604:4540:82::1,2001:19f0:7401:8417:5400:04ff:fe4d:2d39,2604:4540:82::/48_to_vultrlondon
100603,2001:19f0:7401:8417:5400:04ff:fe4d:2d39,2604:4540:83::1,vultrlondon_to_2604:4540:83::/48
200306,2604:4540:83::1,2001:19f0:7401:8417:5400:04ff:fe4d:2d39,2604:4540:83::/48_to_vultrlondon
100604,2001:19f0:7401:8417:5400:04ff:fe4d:2d39,2604:4540:84::1,vultrlondon_to_2604:4540:84::/48
200406,2604:4540:84::1,2001:19f0:7401:8417:5400:04ff:fe4d:2d39,2604:4540:84::/48_to_vultrlondon
100605,2001:19f0:7401:8417:5400:04ff:fe4d:2d39,2604:4540:85::1,vultrlondon_to_2604:4540:85::/48
200506,2604:4540:85::1,2001:19f0:7401:8417:5400:04ff:fe4d:2d39,2604:4540:85::/48_to_vultrlondon
100606,2001:19f0:7401:8417:5400:04ff:fe4d:2d39,2604:4540:86::1,vultrlondon_to_2604:4540:86::/48
200606,2604:4540:86::1,2001:19f0:7401:8417:5400:04ff:fe4d:2d39,2604:4540:86::/48_to_vultrlondon
100607,2001:19f0:7401:8417:5400:04ff:fe4d:2d39,2604:4540:87::1,vultrlondon_to_2604:4540:87::/48
200706,2604:4540:87::1,2001:19f0:7401:8417:5400:04ff:fe4d:2d39,2604:4540:87::/48_to_vultrlondon
100608,2001:19f0:7401:8417:5400:04ff:fe4d:2d39,2604:4540:88::1,vultrlondon_to_2604:4540:88::/48
200806,2604:4540:88::1,2001:19f0:7401:8417:5400:04ff:fe4d:2d39,2604:4540:88::/48_to_vultrlondon
100609,2001:19f0:7401:8417:5400:04ff:fe4d:2d39,2604:4540:89::1,vultrlondon_to_2604:4540:89::/48
200906,2604:4540:89::1,2001:19f0:7401:8417:5400:04ff:fe4d:2d39,2604:4540:89::/48_to_vultrlondon
100610,2001:19f0:7401:8417:5400:04ff:fe4d:2d39,2604:4540:8a::1,vultrlondon_to_2604:4540:8a::/48
201006,2604:4540:8a::1,2001:19f0:7401:8417:5400:04ff:fe4d:2d39,2604:4540:8a::/48_to_vultrlondon
100611,2001:19f0:7401:8417:5400:04ff:fe4d:2d39,2604:4540:8b::1,vultrlondon_to_2604:4540:8b::/48
201106,2604:4540:8b::1,2001:19f0:7401:8417:5400:04ff:fe4d:2d39,2604:4540:8b::/48_to_vultrlondon
100612,2001:19f0:7401:8417:5400:04ff:fe4d:2d39,2604:4540:8c::1,vultrlondon_to_2604:4540:8c::/48
201206,2604:4540:8c::1,2001:19f0:7401:8417:5400:04ff:fe4d:2d39,2604:4540:8c::/48_to_vultrlondon
100613,2001:19f0:7401:8417:5400:04ff:fe4d:2d39,2604:4540:8d::1,vultrlondon_to_2604:4540:8d::/48
201306,2604:4540:8d::1,2001:19f0:7401:8417:5400:04ff:fe4d:2d39,2604:4540:8d::/48_to_vultrlondon
100614,2001:19f0:7401:8417:5400:04ff:fe4d:2d39,2604:4540:8e::1,vultrlondon_to_2604:4540:8e::/48
201406,2604:4540:8e::1,2001:19f0:7401:8417:5400:04ff:fe4d:2d39,2604:4540:8e::/48_to_vultrlondon
100615,2001:19f0:7401:8417:5400:04ff:fe4d:2d39,2604:4540:8f::1,vultrlondon_to_2604:4540:8f::/48
201506,2604:4540:8f::1,2001:19f0:7401:8417:5400:04ff:fe4d:2d39,2604:4540:8f::/48_to_vultrlondon
100700,2a05:f480:2800:1d4e:5400:04ff:fe4d:2d21,2604:4540:80::1,vultrmadrid_to_2604:4540:80::/48
200007,2604:4540:80::1,2a05:f480:2800:1d4e:5400:04ff:fe4d:2d21,2604:4540:80::/48_to_vultrmadrid
100701,2a05:f480:2800:1d4e:5400:04ff:fe4d:2d21,2604:4540:81::1,vultrmadrid_to_2604:4540:81::/48
200107,2604:4540:81::1,2a05:f480:2800:1d4e:5400:04ff:fe4d:2d21,2604:4540:81::/48_to_vultrmadrid
100702,2a05:f480:2800:1d4e:5400:04ff:fe4d:2d21,2604:4540:82::1,vultrmadrid_to_2604:4540:82::/48
200207,2604:4540:82::1,2a05:f480:2800:1d4e:5400:04ff:fe4d:2d21,2604:4540:82::/48_to_vultrmadrid
100703,2a05:f480:2800:1d4e:5400:04ff:fe4d:2d21,2604:4540:83::1,vultrmadrid_to_2604:4540:83::/48
200307,2604:4540:83::1,2a05:f480:2800:1d4e:5400:04ff:fe4d:2d21,2604:4540:83::/48_to_vultrmadrid
100704,2a05:f480:2800:1d4e:5400:04ff:fe4d:2d21,2604:4540:84::1,vultrmadrid_to_2604:4540:84::/48
200407,2604:4540:84::1,2a05:f480:2800:1d4e:5400:04ff:fe4d:2d21,2604:4540:84::/48_to_vultrmadrid
100705,2a05:f480:2800:1d4e:5400:04ff:fe4d:2d21,2604:4540:85::1,vultrmadrid_to_2604:4540:85::/48
200507,2604:4540:85::1,2a05:f480:2800:1d4e:5400:04ff:fe4d:2d21,2604:4540:85::/48_to_vultrmadrid
100706,2a05:f480:2800:1d4e:5400:04ff:fe4d:2d21,2604:4540:86::1,vultrmadrid_to_2604:4540:86::/48
200607,2604:4540:86::1,2a05:f480:2800:1d4e:5400:04ff:fe4d:2d21,2604:4540:86::/48_to_vultrmadrid
100707,2a05:f480:2800:1d4e:5400:04ff:fe4d:2d21,2604:4540:87::1,vultrmadrid_to_2604:4540:87::/48
200707,2604:4540:87::1,2a05:f480:2800:1d4e:5400:04ff:fe4d:2d21,2604:4540:87::/48_to_vultrmadrid
100708,2a05:f480:2800:1d4e:5400:04ff:fe4d:2d21,2604:4540:88::1,vultrmadrid_to_2604:4540:88::/48
200807,2604:4540:88::1,2a05:f480:2800:1d4e:5400:04ff:fe4d:2d21,2604:4540:88::/48_to_vultrmadrid
100709,2a05:f480:2800:1d4e:5400:04ff:fe4d:2d21,2604:4540:89::1,vultrmadrid_to_2604:4540:89::/48
200907,2604:4540:89::1,2a05:f480:2800:1d4e:5400:04ff:fe4d:2d21,2604:4540:89::/48_to_vultrmadrid
100710,2a05:f480:2800:1d4e:5400:04ff:fe4d:2d21,2604:4540:8a::1,vultrmadrid_to_2604:4540:8a::/48
201007,2604:4540:8a::1,2a05:f480:2800:1d4e:5400:04ff:fe4d:2d21,2604:4540:8a::/48_to_vultrmadrid
100711,2a05:f480:2800:1d4e:5400:04ff:fe4d:2d21,2604:4540:8b::1,vultrmadrid_to_2604:4540:8b::/48
201107,2604:4540:8b::1,2a05:f480:2800:1d4e:5400:04ff:fe4d:2d21,2604:4540:8b::/48_to_vultrmadrid
100712,2a05:f480:2800:1d4e:5400:04ff:fe4d:2d21,2604:4540:8c::1,vultrmadrid_to_2604:4540:8c::/48
201207,2604:4540:8c::1,2a05:f480:2800:1d4e:5400:04ff:fe4d:2d21,2604:4540:8c::/48_to_vultrmadrid
100713,2a05:f480:2800:1d4e:5400:04ff:fe4d:2d21,2604:4540:8d::1,vultrmadrid_to_2604:4540:8d::/48
201307,2604:4540:8d::1,2a05:f480:2800:1d4e:5400:04ff:fe4d:2d21,2604:4540:8d::/48_to_vultrmadrid
100714,2a05:f480:2800:1d4e:5400:04ff:fe4d:2d21,2604:4540:8e::1,vultrmadrid_to_2604:4540:8e::/48
201407,2604:4540:8e::1,2a05:f480:2800:1d4e:5400:04ff:fe4d:2d21,2604:4540:8e::/48_to_vultrmadrid
100715,2a05:f480:2800:1d4e:5400:04ff:fe4d:2d21,2604:4540:8f::1,vultrmadrid_to_2604:4540:8f::/48
201507,2604:4540:8f::1,2a05:f480:2800:1d4e:5400:04ff:fe4d:2d21,2604:4540:8f::/48_to_vultrmadrid
100800,2401:c080:2000:2955:5400:04ff:fe4d:2d2b,2604:4540:80::1,vultrmelbourne_to_2604:4540:80::/48
200008,2604:4540:80::1,2401:c080:2000:2955:5400:04ff:fe4d:2d2b,2604:4540:80::/48_to_vultrmelbourne
100801,2401:c080:2000:2955:5400:04ff:fe4d:2d2b,2604:4540:81::1,vultrmelbourne_to_2604:4540:81::/48
200108,2604:4540:81::1,2401:c080:2000:2955:5400:04ff:fe4d:2d2b,2604:4540:81::/48_to_vultrmelbourne
100802,2401:c080:2000:2955:5400:04ff:fe4d:2d2b,2604:4540:82::1,vultrmelbourne_to_2604:4540:82::/48
200208,2604:4540:82::1,2401:c080:2000:2955:5400:04ff:fe4d:2d2b,2604:4540:82::/48_to_vultrmelbourne
100803,2401:c080:2000:2955:5400:04ff:fe4d:2d2b,2604:4540:83::1,vultrmelbourne_to_2604:4540:83::/48
200308,2604:4540:83::1,2401:c080:2000:2955:5400:04ff:fe4d:2d2b,2604:4540:83::/48_to_vultrmelbourne
100804,2401:c080:2000:2955:5400:04ff:fe4d:2d2b,2604:4540:84::1,vultrmelbourne_to_2604:4540:84::/48
200408,2604:4540:84::1,2401:c080:2000:2955:5400:04ff:fe4d:2d2b,2604:4540:84::/48_to_vultrmelbourne
100805,2401:c080:2000:2955:5400:04ff:fe4d:2d2b,2604:4540:85::1,vultrmelbourne_to_2604:4540:85::/48
200508,2604:4540:85::1,2401:c080:2000:2955:5400:04ff:fe4d:2d2b,2604:4540:85::/48_to_vultrmelbourne
100806,2401:c080:2000:2955:5400:04ff:fe4d:2d2b,2604:4540:86::1,vultrmelbourne_to_2604:4540:86::/48
200608,2604:4540:86::1,2401:c080:2000:2955:5400:04ff:fe4d:2d2b,2604:4540:86::/48_to_vultrmelbourne
100807,2401:c080:2000:2955:5400:04ff:fe4d:2d2b,2604:4540:87::1,vultrmelbourne_to_2604:4540:87::/48
200708,2604:4540:87::1,2401:c080:2000:2955:5400:04ff:fe4d:2d2b,2604:4540:87::/48_to_vultrmelbourne
100808,2401:c080:2000:2955:5400:04ff:fe4d:2d2b,2604:4540:88::1,vultrmelbourne_to_2604:4540:88::/48
200808,2604:4540:88::1,2401:c080:2000:2955:5400:04ff:fe4d:2d2b,2604:4540:88::/48_to_vultrmelbourne
100809,2401:c080:2000:2955:5400:04ff:fe4d:2d2b,2604:4540:89::1,vultrmelbourne_to_2604:4540:89::/48
200908,2604:4540:89::1,2401:c080:2000:2955:5400:04ff:fe4d:2d2b,2604:4540:89::/48_to_vultrmelbourne
100810,2401:c080:2000:2955:5400:04ff:fe4d:2d2b,2604:4540:8a::1,vultrmelbourne_to_2604:4540:8a::/48
201008,2604:4540:8a::1,2401:c080:2000:2955:5400:04ff:fe4d:2d2b,2604:4540:8a::/48_to_vultrmelbourne
100811,2401:c080:2000:2955:5400:04ff:fe4d:2d2b,2604:4540:8b::1,vultrmelbourne_to_2604:4540:8b::/48
201108,2604:4540:8b::1,2401:c080:2000:2955:5400:04ff:fe4d:2d2b,2604:4540:8b::/48_to_vultrmelbourne
100812,2401:c080:2000:2955:5400:04ff:fe4d:2d2b,2604:4540:8c::1,vultrmelbourne_to_2604:4540:8c::/48
201208,2604:4540:8c::1,2401:c080:2000:2955:5400:04ff:fe4d:2d2b,2604:4540:8c::/48_to_vultrmelbourne
100813,2401:c080:2000:2955:5400:04ff:fe4d:2d2b,2604:4540:8d::1,vultrmelbourne_to_2604:4540:8d::/48
201308,2604:4540:8d::1,2401:c080:2000:2955:5400:04ff:fe4d:2d2b,2604:4540:8d::/48_to_vultrmelbourne
100814,2401:c080:2000:2955:5400:04ff:fe4d:2d2b,2604:4540:8e::1,vultrmelbourne_to_2604:4540:8e::/48
201408,2604:4540:8e::1,2401:c080:2000:2955:5400:04ff:fe4d:2d2b,2604:4540:8e::/48_to_vultrmelbourne
100815,2401:c080:2000:2955:5400:04ff:fe4d:2d2b,2604:4540:8f::1,vultrmelbourne_to_2604:4540:8f::/48
201508,2604:4540:8f::1,2401:c080:2000:2955:5400:04ff:fe4d:2d2b,2604:4540:8f::/48_to_vultrmelbourne
100900,2001:19f0:b400:1148:5400:04ff:fe4d:2d28,2604:4540:80::1,vultrmexicocity_to_2604:4540:80::/48
200009,2604:4540:80::1,2001:19f0:b400:1148:5400:04ff:fe4d:2d28,2604:4540:80::/48_to_vultrmexicocity
100901,2001:19f0:b400:1148:5400:04ff:fe4d:2d28,2604:4540:81::1,vultrmexicocity_to_2604:4540:81::/48
200109,2604:4540:81::1,2001:19f0:b400:1148:5400:04ff:fe4d:2d28,2604:4540:81::/48_to_vultrmexicocity
100902,2001:19f0:b400:1148:5400:04ff:fe4d:2d28,2604:4540:82::1,vultrmexicocity_to_2604:4540:82::/48
200209,2604:4540:82::1,2001:19f0:b400:1148:5400:04ff:fe4d:2d28,2604:4540:82::/48_to_vultrmexicocity
100903,2001:19f0:b400:1148:5400:04ff:fe4d:2d28,2604:4540:83::1,vultrmexicocity_to_2604:4540:83::/48
200309,2604:4540:83::1,2001:19f0:b400:1148:5400:04ff:fe4d:2d28,2604:4540:83::/48_to_vultrmexicocity
100904,2001:19f0:b400:1148:5400:04ff:fe4d:2d28,2604:4540:84::1,vultrmexicocity_to_2604:4540:84::/48
200409,2604:4540:84::1,2001:19f0:b400:1148:5400:04ff:fe4d:2d28,2604:4540:84::/48_to_vultrmexicocity
100905,2001:19f0:b400:1148:5400:04ff:fe4d:2d28,2604:4540:85::1,vultrmexicocity_to_2604:4540:85::/48
200509,2604:4540:85::1,2001:19f0:b400:1148:5400:04ff:fe4d:2d28,2604:4540:85::/48_to_vultrmexicocity
100906,2001:19f0:b400:1148:5400:04ff:fe4d:2d28,2604:4540:86::1,vultrmexicocity_to_2604:4540:86::/48
200609,2604:4540:86::1,2001:19f0:b400:1148:5400:04ff:fe4d:2d28,2604:4540:86::/48_to_vultrmexicocity
100907,2001:19f0:b400:1148:5400:04ff:fe4d:2d28,2604:4540:87::1,vultrmexicocity_to_2604:4540:87::/48
200709,2604:4540:87::1,2001:19f0:b400:1148:5400:04ff:fe4d:2d28,2604:4540:87::/48_to_vultrmexicocity
100908,2001:19f0:b400:1148:5400:04ff:fe4d:2d28,2604:4540:88::1,vultrmexicocity_to_2604:4540:88::/48
200809,2604:4540:88::1,2001:19f0:b400:1148:5400:04ff:fe4d:2d28,2604:4540:88::/48_to_vultrmexicocity
100909,2001:19f0:b400:1148:5400:04ff:fe4d:2d28,2604:4540:89::1,vultrmexicocity_to_2604:4540:89::/48
200909,2604:4540:89::1,2001:19f0:b400:1148:5400:04ff:fe4d:2d28,2604:4540:89::/48_to_vultrmexicocity
100910,2001:19f0:b400:1148:5400:04ff:fe4d:2d28,2604:4540:8a::1,vultrmexicocity_to_2604:4540:8a::/48
201009,2604:4540:8a::1,2001:19f0:b400:1148:5400:04ff:fe4d:2d28,2604:4540:8a::/48_to_vultrmexicocity
100911,2001:19f0:b400:1148:5400:04ff:fe4d:2d28,2604:4540:8b::1,vultrmexicocity_to_2604:4540:8b::/48
201109,2604:4540:8b::1,2001:19f0:b400:1148:5400:04ff:fe4d:2d28,2604:4540:8b::/48_to_vultrmexicocity
100912,2001:19f0:b400:1148:5400:04ff:fe4d:2d28,2604:4540:8c::1,vultrmexicocity_to_2604:4540:8c::/48
201209,2604:4540:8c::1,2001:19f0:b400:1148:5400:04ff:fe4d:2d28,2604:4540:8c::/48_to_vultrmexicocity
100913,2001:19f0:b400:1148:5400:04ff:fe4d:2d28,2604:4540:8d::1,vultrmexicocity_to_2604:4540:8d::/48
201309,2604:4540:8d::1,2001:19f0:b400:1148:5400:04ff:fe4d:2d28,2604:4540:8d::/48_to_vultrmexicocity
100914,2001:19f0:b400:1148:5400:04ff:fe4d:2d28,2604:4540:8e::1,vultrmexicocity_to_2604:4540:8e::/48
201409,2604:4540:8e::1,2001:19f0:b400:1148:5400:04ff:fe4d:2d28,2604:4540:8e::/48_to_vultrmexicocity
100915,2001:19f0:b400:1148:5400:04ff:fe4d:2d28,2604:4540:8f::1,vultrmexicocity_to_2604:4540:8f::/48
201509,2604:4540:8f::1,2001:19f0:b400:1148:5400:04ff:fe4d:2d28,2604:4540:8f::/48_to_vultrmexicocity
101000,2001:19f0:9002:249b:5400:04ff:fe4d:2d24,2604:4540:80::1,vultrmiami_to_2604:4540:80::/48
200010,2604:4540:80::1,2001:19f0:9002:249b:5400:04ff:fe4d:2d24,2604:4540:80::/48_to_vultrmiami
101001,2001:19f0:9002:249b:5400:04ff:fe4d:2d24,2604:4540:81::1,vultrmiami_to_2604:4540:81::/48
200110,2604:4540:81::1,2001:19f0:9002:249b:5400:04ff:fe4d:2d24,2604:4540:81::/48_to_vultrmiami
101002,2001:19f0:9002:249b:5400:04ff:fe4d:2d24,2604:4540:82::1,vultrmiami_to_2604:4540:82::/48
200210,2604:4540:82::1,2001:19f0:9002:249b:5400:04ff:fe4d:2d24,2604:4540:82::/48_to_vultrmiami
101003,2001:19f0:9002:249b:5400:04ff:fe4d:2d24,2604:4540:83::1,vultrmiami_to_2604:4540:83::/48
200310,2604:4540:83::1,2001:19f0:9002:249b:5400:04ff:fe4d:2d24,2604:4540:83::/48_to_vultrmiami
101004,2001:19f0:9002:249b:5400:04ff:fe4d:2d24,2604:4540:84::1,vultrmiami_to_2604:4540:84::/48
200410,2604:4540:84::1,2001:19f0:9002:249b:5400:04ff:fe4d:2d24,2604:4540:84::/48_to_vultrmiami
101005,2001:19f0:9002:249b:5400:04ff:fe4d:2d24,2604:4540:85::1,vultrmiami_to_2604:4540:85::/48
200510,2604:4540:85::1,2001:19f0:9002:249b:5400:04ff:fe4d:2d24,2604:4540:85::/48_to_vultrmiami
101006,2001:19f0:9002:249b:5400:04ff:fe4d:2d24,2604:4540:86::1,vultrmiami_to_2604:4540:86::/48
200610,2604:4540:86::1,2001:19f0:9002:249b:5400:04ff:fe4d:2d24,2604:4540:86::/48_to_vultrmiami
101007,2001:19f0:9002:249b:5400:04ff:fe4d:2d24,2604:4540:87::1,vultrmiami_to_2604:4540:87::/48
200710,2604:4540:87::1,2001:19f0:9002:249b:5400:04ff:fe4d:2d24,2604:4540:87::/48_to_vultrmiami
101008,2001:19f0:9002:249b:5400:04ff:fe4d:2d24,2604:4540:88::1,vultrmiami_to_2604:4540:88::/48
200810,2604:4540:88::1,2001:19f0:9002:249b:5400:04ff:fe4d:2d24,2604:4540:88::/48_to_vultrmiami
101009,2001:19f0:9002:249b:5400:04ff:fe4d:2d24,2604:4540:89::1,vultrmiami_to_2604:4540:89::/48
200910,2604:4540:89::1,2001:19f0:9002:249b:5400:04ff:fe4d:2d24,2604:4540:89::/48_to_vultrmiami
101010,2001:19f0:9002:249b:5400:04ff:fe4d:2d24,2604:4540:8a::1,vultrmiami_to_2604:4540:8a::/48
201010,2604:4540:8a::1,2001:19f0:9002:249b:5400:04ff:fe4d:2d24,2604:4540:8a::/48_to_vultrmiami
101011,2001:19f0:9002:249b:5400:04ff:fe4d:2d24,2604:4540:8b::1,vultrmiami_to_2604:4540:8b::/48
201110,2604:4540:8b::1,2001:19f0:9002:249b:5400:04ff:fe4d:2d24,2604:4540:8b::/48_to_vultrmiami
101012,2001:19f0:9002:249b:5400:04ff:fe4d:2d24,2604:4540:8c::1,vultrmiami_to_2604:4540:8c::/48
201210,2604:4540:8c::1,2001:19f0:9002:249b:5400:04ff:fe4d:2d24,2604:4540:8c::/48_to_vultrmiami
101013,2001:19f0:9002:249b:5400:04ff:fe4d:2d24,2604:4540:8d::1,vultrmiami_to_2604:4540:8d::/48
201310,2604:4540:8d::1,2001:19f0:9002:249b:5400:04ff:fe4d:2d24,2604:4540:8d::/48_to_vultrmiami
101014,2001:19f0:9002:249b:5400:04ff:fe4d:2d24,2604:4540:8e::1,vultrmiami_to_2604:4540:8e::/48
201410,2604:4540:8e::1,2001:19f0:9002:249b:5400:04ff:fe4d:2d24,2604:4540:8e::/48_to_vultrmiami
101015,2001:19f0:9002:249b:5400:04ff:fe4d:2d24,2604:4540:8f::1,vultrmiami_to_2604:4540:8f::/48
201510,2604:4540:8f::1,2001:19f0:9002:249b:5400:04ff:fe4d:2d24,2604:4540:8f::/48_to_vultrmiami
101100,2401:c080:2400:1731:5400:04ff:fe4d:2d38,2604:4540:80::1,vultrmumbai_to_2604:4540:80::/48
200011,2604:4540:80::1,2401:c080:2400:1731:5400:04ff:fe4d:2d38,2604:4540:80::/48_to_vultrmumbai
101101,2401:c080:2400:1731:5400:04ff:fe4d:2d38,2604:4540:81::1,vultrmumbai_to_2604:4540:81::/48
200111,2604:4540:81::1,2401:c080:2400:1731:5400:04ff:fe4d:2d38,2604:4540:81::/48_to_vultrmumbai
101102,2401:c080:2400:1731:5400:04ff:fe4d:2d38,2604:4540:82::1,vultrmumbai_to_2604:4540:82::/48
200211,2604:4540:82::1,2401:c080:2400:1731:5400:04ff:fe4d:2d38,2604:4540:82::/48_to_vultrmumbai
101103,2401:c080:2400:1731:5400:04ff:fe4d:2d38,2604:4540:83::1,vultrmumbai_to_2604:4540:83::/48
200311,2604:4540:83::1,2401:c080:2400:1731:5400:04ff:fe4d:2d38,2604:4540:83::/48_to_vultrmumbai
101104,2401:c080:2400:1731:5400:04ff:fe4d:2d38,2604:4540:84::1,vultrmumbai_to_2604:4540:84::/48
200411,2604:4540:84::1,2401:c080:2400:1731:5400:04ff:fe4d:2d38,2604:4540:84::/48_to_vultrmumbai
101105,2401:c080:2400:1731:5400:04ff:fe4d:2d38,2604:4540:85::1,vultrmumbai_to_2604:4540:85::/48
200511,2604:4540:85::1,2401:c080:2400:1731:5400:04ff:fe4d:2d38,2604:4540:85::/48_to_vultrmumbai
101106,2401:c080:2400:1731:5400:04ff:fe4d:2d38,2604:4540:86::1,vultrmumbai_to_2604:4540:86::/48
200611,2604:4540:86::1,2401:c080:2400:1731:5400:04ff:fe4d:2d38,2604:4540:86::/48_to_vultrmumbai
101107,2401:c080:2400:1731:5400:04ff:fe4d:2d38,2604:4540:87::1,vultrmumbai_to_2604:4540:87::/48
200711,2604:4540:87::1,2401:c080:2400:1731:5400:04ff:fe4d:2d38,2604:4540:87::/48_to_vultrmumbai
101108,2401:c080:2400:1731:5400:04ff:fe4d:2d38,2604:4540:88::1,vultrmumbai_to_2604:4540:88::/48
200811,2604:4540:88::1,2401:c080:2400:1731:5400:04ff:fe4d:2d38,2604:4540:88::/48_to_vultrmumbai
101109,2401:c080:2400:1731:5400:04ff:fe4d:2d38,2604:4540:89::1,vultrmumbai_to_2604:4540:89::/48
200911,2604:4540:89::1,2401:c080:2400:1731:5400:04ff:fe4d:2d38,2604:4540:89::/48_to_vultrmumbai
101110,2401:c080:2400:1731:5400:04ff:fe4d:2d38,2604:4540:8a::1,vultrmumbai_to_2604:4540:8a::/48
201011,2604:4540:8a::1,2401:c080:2400:1731:5400:04ff:fe4d:2d38,2604:4540:8a::/48_to_vultrmumbai
101111,2401:c080:2400:1731:5400:04ff:fe4d:2d38,2604:4540:8b::1,vultrmumbai_to_2604:4540:8b::/48
201111,2604:4540:8b::1,2401:c080:2400:1731:5400:04ff:fe4d:2d38,2604:4540:8b::/48_to_vultrmumbai
101112,2401:c080:2400:1731:5400:04ff:fe4d:2d38,2604:4540:8c::1,vultrmumbai_to_2604:4540:8c::/48
201211,2604:4540:8c::1,2401:c080:2400:1731:5400:04ff:fe4d:2d38,2604:4540:8c::/48_to_vultrmumbai
101113,2401:c080:2400:1731:5400:04ff:fe4d:2d38,2604:4540:8d::1,vultrmumbai_to_2604:4540:8d::/48
201311,2604:4540:8d::1,2401:c080:2400:1731:5400:04ff:fe4d:2d38,2604:4540:8d::/48_to_vultrmumbai
101114,2401:c080:2400:1731:5400:04ff:fe4d:2d38,2604:4540:8e::1,vultrmumbai_to_2604:4540:8e::/48
201411,2604:4540:8e::1,2401:c080:2400:1731:5400:04ff:fe4d:2d38,2604:4540:8e::/48_to_vultrmumbai
101115,2401:c080:2400:1731:5400:04ff:fe4d:2d38,2604:4540:8f::1,vultrmumbai_to_2604:4540:8f::/48
201511,2604:4540:8f::1,2401:c080:2400:1731:5400:04ff:fe4d:2d38,2604:4540:8f::/48_to_vultrmumbai
101200,2001:19f0:0005:5190:5400:04ff:fe4d:2d1a,2604:4540:80::1,vultrnj2_to_2604:4540:80::/48
200012,2604:4540:80::1,2001:19f0:0005:5190:5400:04ff:fe4d:2d1a,2604:4540:80::/48_to_vultrnj2
101201,2001:19f0:0005:5190:5400:04ff:fe4d:2d1a,2604:4540:81::1,vultrnj2_to_2604:4540:81::/48
200112,2604:4540:81::1,2001:19f0:0005:5190:5400:04ff:fe4d:2d1a,2604:4540:81::/48_to_vultrnj2
101202,2001:19f0:0005:5190:5400:04ff:fe4d:2d1a,2604:4540:82::1,vultrnj2_to_2604:4540:82::/48
200212,2604:4540:82::1,2001:19f0:0005:5190:5400:04ff:fe4d:2d1a,2604:4540:82::/48_to_vultrnj2
101203,2001:19f0:0005:5190:5400:04ff:fe4d:2d1a,2604:4540:83::1,vultrnj2_to_2604:4540:83::/48
200312,2604:4540:83::1,2001:19f0:0005:5190:5400:04ff:fe4d:2d1a,2604:4540:83::/48_to_vultrnj2
101204,2001:19f0:0005:5190:5400:04ff:fe4d:2d1a,2604:4540:84::1,vultrnj2_to_2604:4540:84::/48
200412,2604:4540:84::1,2001:19f0:0005:5190:5400:04ff:fe4d:2d1a,2604:4540:84::/48_to_vultrnj2
101205,2001:19f0:0005:5190:5400:04ff:fe4d:2d1a,2604:4540:85::1,vultrnj2_to_2604:4540:85::/48
200512,2604:4540:85::1,2001:19f0:0005:5190:5400:04ff:fe4d:2d1a,2604:4540:85::/48_to_vultrnj2
101206,2001:19f0:0005:5190:5400:04ff:fe4d:2d1a,2604:4540:86::1,vultrnj2_to_2604:4540:86::/48
200612,2604:4540:86::1,2001:19f0:0005:5190:5400:04ff:fe4d:2d1a,2604:4540:86::/48_to_vultrnj2
101207,2001:19f0:0005:5190:5400:04ff:fe4d:2d1a,2604:4540:87::1,vultrnj2_to_2604:4540:87::/48
200712,2604:4540:87::1,2001:19f0:0005:5190:5400:04ff:fe4d:2d1a,2604:4540:87::/48_to_vultrnj2
101208,2001:19f0:0005:5190:5400:04ff:fe4d:2d1a,2604:4540:88::1,vultrnj2_to_2604:4540:88::/48
200812,2604:4540:88::1,2001:19f0:0005:5190:5400:04ff:fe4d:2d1a,2604:4540:88::/48_to_vultrnj2
101209,2001:19f0:0005:5190:5400:04ff:fe4d:2d1a,2604:4540:89::1,vultrnj2_to_2604:4540:89::/48
200912,2604:4540:89::1,2001:19f0:0005:5190:5400:04ff:fe4d:2d1a,2604:4540:89::/48_to_vultrnj2
101210,2001:19f0:0005:5190:5400:04ff:fe4d:2d1a,2604:4540:8a::1,vultrnj2_to_2604:4540:8a::/48
201012,2604:4540:8a::1,2001:19f0:0005:5190:5400:04ff:fe4d:2d1a,2604:4540:8a::/48_to_vultrnj2
101211,2001:19f0:0005:5190:5400:04ff:fe4d:2d1a,2604:4540:8b::1,vultrnj2_to_2604:4540:8b::/48
201112,2604:4540:8b::1,2001:19f0:0005:5190:5400:04ff:fe4d:2d1a,2604:4540:8b::/48_to_vultrnj2
101212,2001:19f0:0005:5190:5400:04ff:fe4d:2d1a,2604:4540:8c::1,vultrnj2_to_2604:4540:8c::/48
201212,2604:4540:8c::1,2001:19f0:0005:5190:5400:04ff:fe4d:2d1a,2604:4540:8c::/48_to_vultrnj2
101213,2001:19f0:0005:5190:5400:04ff:fe4d:2d1a,2604:4540:8d::1,vultrnj2_to_2604:4540:8d::/48
201312,2604:4540:8d::1,2001:19f0:0005:5190:5400:04ff:fe4d:2d1a,2604:4540:8d::/48_to_vultrnj2
101214,2001:19f0:0005:5190:5400:04ff:fe4d:2d1a,2604:4540:8e::1,vultrnj2_to_2604:4540:8e::/48
201412,2604:4540:8e::1,2001:19f0:0005:5190:5400:04ff:fe4d:2d1a,2604:4540:8e::/48_to_vultrnj2
101215,2001:19f0:0005:5190:5400:04ff:fe4d:2d1a,2604:4540:8f::1,vultrnj2_to_2604:4540:8f::/48
201512,2604:4540:8f::1,2001:19f0:0005:5190:5400:04ff:fe4d:2d1a,2604:4540:8f::/48_to_vultrnj2
101300,2001:19f0:6801:15a8:5400:04ff:fe4d:2d26,2604:4540:80::1,vultrparis_to_2604:4540:80::/48
200013,2604:4540:80::1,2001:19f0:6801:15a8:5400:04ff:fe4d:2d26,2604:4540:80::/48_to_vultrparis
101301,2001:19f0:6801:15a8:5400:04ff:fe4d:2d26,2604:4540:81::1,vultrparis_to_2604:4540:81::/48
200113,2604:4540:81::1,2001:19f0:6801:15a8:5400:04ff:fe4d:2d26,2604:4540:81::/48_to_vultrparis
101302,2001:19f0:6801:15a8:5400:04ff:fe4d:2d26,2604:4540:82::1,vultrparis_to_2604:4540:82::/48
200213,2604:4540:82::1,2001:19f0:6801:15a8:5400:04ff:fe4d:2d26,2604:4540:82::/48_to_vultrparis
101303,2001:19f0:6801:15a8:5400:04ff:fe4d:2d26,2604:4540:83::1,vultrparis_to_2604:4540:83::/48
200313,2604:4540:83::1,2001:19f0:6801:15a8:5400:04ff:fe4d:2d26,2604:4540:83::/48_to_vultrparis
101304,2001:19f0:6801:15a8:5400:04ff:fe4d:2d26,2604:4540:84::1,vultrparis_to_2604:4540:84::/48
200413,2604:4540:84::1,2001:19f0:6801:15a8:5400:04ff:fe4d:2d26,2604:4540:84::/48_to_vultrparis
101305,2001:19f0:6801:15a8:5400:04ff:fe4d:2d26,2604:4540:85::1,vultrparis_to_2604:4540:85::/48
200513,2604:4540:85::1,2001:19f0:6801:15a8:5400:04ff:fe4d:2d26,2604:4540:85::/48_to_vultrparis
101306,2001:19f0:6801:15a8:5400:04ff:fe4d:2d26,2604:4540:86::1,vultrparis_to_2604:4540:86::/48
200613,2604:4540:86::1,2001:19f0:6801:15a8:5400:04ff:fe4d:2d26,2604:4540:86::/48_to_vultrparis
101307,2001:19f0:6801:15a8:5400:04ff:fe4d:2d26,2604:4540:87::1,vultrparis_to_2604:4540:87::/48
200713,2604:4540:87::1,2001:19f0:6801:15a8:5400:04ff:fe4d:2d26,2604:4540:87::/48_to_vultrparis
101308,2001:19f0:6801:15a8:5400:04ff:fe4d:2d26,2604:4540:88::1,vultrparis_to_2604:4540:88::/48
200813,2604:4540:88::1,2001:19f0:6801:15a8:5400:04ff:fe4d:2d26,2604:4540:88::/48_to_vultrparis
101309,2001:19f0:6801:15a8:5400:04ff:fe4d:2d26,2604:4540:89::1,vultrparis_to_2604:4540:89::/48
200913,2604:4540:89::1,2001:19f0:6801:15a8:5400:04ff:fe4d:2d26,2604:4540:89::/48_to_vultrparis
101310,2001:19f0:6801:15a8:5400:04ff:fe4d:2d26,2604:4540:8a::1,vultrparis_to_2604:4540:8a::/48
201013,2604:4540:8a::1,2001:19f0:6801:15a8:5400:04ff:fe4d:2d26,2604:4540:8a::/48_to_vultrparis
101311,2001:19f0:6801:15a8:5400:04ff:fe4d:2d26,2604:4540:8b::1,vultrparis_to_2604:4540:8b::/48
201113,2604:4540:8b::1,2001:19f0:6801:15a8:5400:04ff:fe4d:2d26,2604:4540:8b::/48_to_vultrparis
101312,2001:19f0:6801:15a8:5400:04ff:fe4d:2d26,2604:4540:8c::1,vultrparis_to_2604:4540:8c::/48
201213,2604:4540:8c::1,2001:19f0:6801:15a8:5400:04ff:fe4d:2d26,2604:4540:8c::/48_to_vultrparis
101313,2001:19f0:6801:15a8:5400:04ff:fe4d:2d26,2604:4540:8d::1,vultrparis_to_2604:4540:8d::/48
201313,2604:4540:8d::1,2001:19f0:6801:15a8:5400:04ff:fe4d:2d26,2604:4540:8d::/48_to_vultrparis
101314,2001:19f0:6801:15a8:5400:04ff:fe4d:2d26,2604:4540:8e::1,vultrparis_to_2604:4540:8e::/48
201413,2604:4540:8e::1,2001:19f0:6801:15a8:5400:04ff:fe4d:2d26,2604:4540:8e::/48_to_vultrparis
101315,2001:19f0:6801:15a8:5400:04ff:fe4d:2d26,2604:4540:8f::1,vultrparis_to_2604:4540:8f::/48
201513,2604:4540:8f::1,2001:19f0:6801:15a8:5400:04ff:fe4d:2d26,2604:4540:8f::/48_to_vultrparis
101400,2001:19f0:b800:17e8:5400:04ff:fe4d:2d18,2604:4540:80::1,vultrsaopaulo_to_2604:4540:80::/48
200014,2604:4540:80::1,2001:19f0:b800:17e8:5400:04ff:fe4d:2d18,2604:4540:80::/48_to_vultrsaopaulo
101401,2001:19f0:b800:17e8:5400:04ff:fe4d:2d18,2604:4540:81::1,vultrsaopaulo_to_2604:4540:81::/48
200114,2604:4540:81::1,2001:19f0:b800:17e8:5400:04ff:fe4d:2d18,2604:4540:81::/48_to_vultrsaopaulo
101402,2001:19f0:b800:17e8:5400:04ff:fe4d:2d18,2604:4540:82::1,vultrsaopaulo_to_2604:4540:82::/48
200214,2604:4540:82::1,2001:19f0:b800:17e8:5400:04ff:fe4d:2d18,2604:4540:82::/48_to_vultrsaopaulo
101403,2001:19f0:b800:17e8:5400:04ff:fe4d:2d18,2604:4540:83::1,vultrsaopaulo_to_2604:4540:83::/48
200314,2604:4540:83::1,2001:19f0:b800:17e8:5400:04ff:fe4d:2d18,2604:4540:83::/48_to_vultrsaopaulo
101404,2001:19f0:b800:17e8:5400:04ff:fe4d:2d18,2604:4540:84::1,vultrsaopaulo_to_2604:4540:84::/48
200414,2604:4540:84::1,2001:19f0:b800:17e8:5400:04ff:fe4d:2d18,2604:4540:84::/48_to_vultrsaopaulo
101405,2001:19f0:b800:17e8:5400:04ff:fe4d:2d18,2604:4540:85::1,vultrsaopaulo_to_2604:4540:85::/48
200514,2604:4540:85::1,2001:19f0:b800:17e8:5400:04ff:fe4d:2d18,2604:4540:85::/48_to_vultrsaopaulo
101406,2001:19f0:b800:17e8:5400:04ff:fe4d:2d18,2604:4540:86::1,vultrsaopaulo_to_2604:4540:86::/48
200614,2604:4540:86::1,2001:19f0:b800:17e8:5400:04ff:fe4d:2d18,2604:4540:86::/48_to_vultrsaopaulo
101407,2001:19f0:b800:17e8:5400:04ff:fe4d:2d18,2604:4540:87::1,vultrsaopaulo_to_2604:4540:87::/48
200714,2604:4540:87::1,2001:19f0:b800:17e8:5400:04ff:fe4d:2d18,2604:4540:87::/48_to_vultrsaopaulo
101408,2001:19f0:b800:17e8:5400:04ff:fe4d:2d18,2604:4540:88::1,vultrsaopaulo_to_2604:4540:88::/48
200814,2604:4540:88::1,2001:19f0:b800:17e8:5400:04ff:fe4d:2d18,2604:4540:88::/48_to_vultrsaopaulo
101409,2001:19f0:b800:17e8:5400:04ff:fe4d:2d18,2604:4540:89::1,vultrsaopaulo_to_2604:4540:89::/48
200914,2604:4540:89::1,2001:19f0:b800:17e8:5400:04ff:fe4d:2d18,2604:4540:89::/48_to_vultrsaopaulo
101410,2001:19f0:b800:17e8:5400:04ff:fe4d:2d18,2604:4540:8a::1,vultrsaopaulo_to_2604:4540:8a::/48
201014,2604:4540:8a::1,2001:19f0:b800:17e8:5400:04ff:fe4d:2d18,2604:4540:8a::/48_to_vultrsaopaulo
101411,2001:19f0:b800:17e8:5400:04ff:fe4d:2d18,2604:4540:8b::1,vultrsaopaulo_to_2604:4540:8b::/48
201114,2604:4540:8b::1,2001:19f0:b800:17e8:5400:04ff:fe4d:2d18,2604:4540:8b::/48_to_vultrsaopaulo
101412,2001:19f0:b800:17e8:5400:04ff:fe4d:2d18,2604:4540:8c::1,vultrsaopaulo_to_2604:4540:8c::/48
201214,2604:4540:8c::1,2001:19f0:b800:17e8:5400:04ff:fe4d:2d18,2604:4540:8c::/48_to_vultrsaopaulo
101413,2001:19f0:b800:17e8:5400:04ff:fe4d:2d18,2604:4540:8d::1,vultrsaopaulo_to_2604:4540:8d::/48
201314,2604:4540:8d::1,2001:19f0:b800:17e8:5400:04ff:fe4d:2d18,2604:4540:8d::/48_to_vultrsaopaulo
101414,2001:19f0:b800:17e8:5400:04ff:fe4d:2d18,2604:4540:8e::1,vultrsaopaulo_to_2604:4540:8e::/48
201414,2604:4540:8e::1,2001:19f0:b800:17e8:5400:04ff:fe4d:2d18,2604:4540:8e::/48_to_vultrsaopaulo
101415,2001:19f0:b800:17e8:5400:04ff:fe4d:2d18,2604:4540:8f::1,vultrsaopaulo_to_2604:4540:8f::/48
201514,2604:4540:8f::1,2001:19f0:b800:17e8:5400:04ff:fe4d:2d18,2604:4540:8f::/48_to_vultrsaopaulo
101500,2001:19f0:8001:017f:5400:04ff:fe4d:2d2e,2604:4540:80::1,vultrseattle_to_2604:4540:80::/48
200015,2604:4540:80::1,2001:19f0:8001:017f:5400:04ff:fe4d:2d2e,2604:4540:80::/48_to_vultrseattle
101501,2001:19f0:8001:017f:5400:04ff:fe4d:2d2e,2604:4540:81::1,vultrseattle_to_2604:4540:81::/48
200115,2604:4540:81::1,2001:19f0:8001:017f:5400:04ff:fe4d:2d2e,2604:4540:81::/48_to_vultrseattle
101502,2001:19f0:8001:017f:5400:04ff:fe4d:2d2e,2604:4540:82::1,vultrseattle_to_2604:4540:82::/48
200215,2604:4540:82::1,2001:19f0:8001:017f:5400:04ff:fe4d:2d2e,2604:4540:82::/48_to_vultrseattle
101503,2001:19f0:8001:017f:5400:04ff:fe4d:2d2e,2604:4540:83::1,vultrseattle_to_2604:4540:83::/48
200315,2604:4540:83::1,2001:19f0:8001:017f:5400:04ff:fe4d:2d2e,2604:4540:83::/48_to_vultrseattle
101504,2001:19f0:8001:017f:5400:04ff:fe4d:2d2e,2604:4540:84::1,vultrseattle_to_2604:4540:84::/48
200415,2604:4540:84::1,2001:19f0:8001:017f:5400:04ff:fe4d:2d2e,2604:4540:84::/48_to_vultrseattle
101505,2001:19f0:8001:017f:5400:04ff:fe4d:2d2e,2604:4540:85::1,vultrseattle_to_2604:4540:85::/48
200515,2604:4540:85::1,2001:19f0:8001:017f:5400:04ff:fe4d:2d2e,2604:4540:85::/48_to_vultrseattle
101506,2001:19f0:8001:017f:5400:04ff:fe4d:2d2e,2604:4540:86::1,vultrseattle_to_2604:4540:86::/48
200615,2604:4540:86::1,2001:19f0:8001:017f:5400:04ff:fe4d:2d2e,2604:4540:86::/48_to_vultrseattle
101507,2001:19f0:8001:017f:5400:04ff:fe4d:2d2e,2604:4540:87::1,vultrseattle_to_2604:4540:87::/48
200715,2604:4540:87::1,2001:19f0:8001:017f:5400:04ff:fe4d:2d2e,2604:4540:87::/48_to_vultrseattle
101508,2001:19f0:8001:017f:5400:04ff:fe4d:2d2e,2604:4540:88::1,vultrseattle_to_2604:4540:88::/48
200815,2604:4540:88::1,2001:19f0:8001:017f:5400:04ff:fe4d:2d2e,2604:4540:88::/48_to_vultrseattle
101509,2001:19f0:8001:017f:5400:04ff:fe4d:2d2e,2604:4540:89::1,vultrseattle_to_2604:4540:89::/48
200915,2604:4540:89::1,2001:19f0:8001:017f:5400:04ff:fe4d:2d2e,2604:4540:89::/48_to_vultrseattle
101510,2001:19f0:8001:017f:5400:04ff:fe4d:2d2e,2604:4540:8a::1,vultrseattle_to_2604:4540:8a::/48
201015,2604:4540:8a::1,2001:19f0:8001:017f:5400:04ff:fe4d:2d2e,2604:4540:8a::/48_to_vultrseattle
101511,2001:19f0:8001:017f:5400:04ff:fe4d:2d2e,2604:4540:8b::1,vultrseattle_to_2604:4540:8b::/48
201115,2604:4540:8b::1,2001:19f0:8001:017f:5400:04ff:fe4d:2d2e,2604:4540:8b::/48_to_vultrseattle
101512,2001:19f0:8001:017f:5400:04ff:fe4d:2d2e,2604:4540:8c::1,vultrseattle_to_2604:4540:8c::/48
201215,2604:4540:8c::1,2001:19f0:8001:017f:5400:04ff:fe4d:2d2e,2604:4540:8c::/48_to_vultrseattle
101513,2001:19f0:8001:017f:5400:04ff:fe4d:2d2e,2604:4540:8d::1,vultrseattle_to_2604:4540:8d::/48
201315,2604:4540:8d::1,2001:19f0:8001:017f:5400:04ff:fe4d:2d2e,2604:4540:8d::/48_to_vultrseattle
101514,2001:19f0:8001:017f:5400:04ff:fe4d:2d2e,2604:4540:8e::1,vultrseattle_to_2604:4540:8e::/48
201415,2604:4540:8e::1,2001:19f0:8001:017f:5400:04ff:fe4d:2d2e,2604:4540:8e::/48_to_vultrseattle
101515,2001:19f0:8001:017f:5400:04ff:fe4d:2d2e,2604:4540:8f::1,vultrseattle_to_2604:4540:8f::/48
201515,2604:4540:8f::1,2001:19f0:8001:017f:5400:04ff:fe4d:2d2e,2604:4540:8f::/48_to_vultrseattle
101600,2401:c080:1c02:0807:5400:04ff:fe4d:2d16,2604:4540:80::1,vultrseoul_to_2604:4540:80::/48
200016,2604:4540:80::1,2401:c080:1c02:0807:5400:04ff:fe4d:2d16,2604:4540:80::/48_to_vultrseoul
101601,2401:c080:1c02:0807:5400:04ff:fe4d:2d16,2604:4540:81::1,vultrseoul_to_2604:4540:81::/48
200116,2604:4540:81::1,2401:c080:1c02:0807:5400:04ff:fe4d:2d16,2604:4540:81::/48_to_vultrseoul
101602,2401:c080:1c02:0807:5400:04ff:fe4d:2d16,2604:4540:82::1,vultrseoul_to_2604:4540:82::/48
200216,2604:4540:82::1,2401:c080:1c02:0807:5400:04ff:fe4d:2d16,2604:4540:82::/48_to_vultrseoul
101603,2401:c080:1c02:0807:5400:04ff:fe4d:2d16,2604:4540:83::1,vultrseoul_to_2604:4540:83::/48
200316,2604:4540:83::1,2401:c080:1c02:0807:5400:04ff:fe4d:2d16,2604:4540:83::/48_to_vultrseoul
101604,2401:c080:1c02:0807:5400:04ff:fe4d:2d16,2604:4540:84::1,vultrseoul_to_2604:4540:84::/48
200416,2604:4540:84::1,2401:c080:1c02:0807:5400:04ff:fe4d:2d16,2604:4540:84::/48_to_vultrseoul
101605,2401:c080:1c02:0807:5400:04ff:fe4d:2d16,2604:4540:85::1,vultrseoul_to_2604:4540:85::/48
200516,2604:4540:85::1,2401:c080:1c02:0807:5400:04ff:fe4d:2d16,2604:4540:85::/48_to_vultrseoul
101606,2401:c080:1c02:0807:5400:04ff:fe4d:2d16,2604:4540:86::1,vultrseoul_to_2604:4540:86::/48
200616,2604:4540:86::1,2401:c080:1c02:0807:5400:04ff:fe4d:2d16,2604:4540:86::/48_to_vultrseoul
101607,2401:c080:1c02:0807:5400:04ff:fe4d:2d16,2604:4540:87::1,vultrseoul_to_2604:4540:87::/48
200716,2604:4540:87::1,2401:c080:1c02:0807:5400:04ff:fe4d:2d16,2604:4540:87::/48_to_vultrseoul
101608,2401:c080:1c02:0807:5400:04ff:fe4d:2d16,2604:4540:88::1,vultrseoul_to_2604:4540:88::/48
200816,2604:4540:88::1,2401:c080:1c02:0807:5400:04ff:fe4d:2d16,2604:4540:88::/48_to_vultrseoul
101609,2401:c080:1c02:0807:5400:04ff:fe4d:2d16,2604:4540:89::1,vultrseoul_to_2604:4540:89::/48
200916,2604:4540:89::1,2401:c080:1c02:0807:5400:04ff:fe4d:2d16,2604:4540:89::/48_to_vultrseoul
101610,2401:c080:1c02:0807:5400:04ff:fe4d:2d16,2604:4540:8a::1,vultrseoul_to_2604:4540:8a::/48
201016,2604:4540:8a::1,2401:c080:1c02:0807:5400:04ff:fe4d:2d16,2604:4540:8a::/48_to_vultrseoul
101611,2401:c080:1c02:0807:5400:04ff:fe4d:2d16,2604:4540:8b::1,vultrseoul_to_2604:4540:8b::/48
201116,2604:4540:8b::1,2401:c080:1c02:0807:5400:04ff:fe4d:2d16,2604:4540:8b::/48_to_vultrseoul
101612,2401:c080:1c02:0807:5400:04ff:fe4d:2d16,2604:4540:8c::1,vultrseoul_to_2604:4540:8c::/48
201216,2604:4540:8c::1,2401:c080:1c02:0807:5400:04ff:fe4d:2d16,2604:4540:8c::/48_to_vultrseoul
101613,2401:c080:1c02:0807:5400:04ff:fe4d:2d16,2604:4540:8d::1,vultrseoul_to_2604:4540:8d::/48
201316,2604:4540:8d::1,2401:c080:1c02:0807:5400:04ff:fe4d:2d16,2604:4540:8d::/48_to_vultrseoul
101614,2401:c080:1c02:0807:5400:04ff:fe4d:2d16,2604:4540:8e::1,vultrseoul_to_2604:4540:8e::/48
201416,2604:4540:8e::1,2401:c080:1c02:0807:5400:04ff:fe4d:2d16,2604:4540:8e::/48_to_vultrseoul
101615,2401:c080:1c02:0807:5400:04ff:fe4d:2d16,2604:4540:8f::1,vultrseoul_to_2604:4540:8f::/48
201516,2604:4540:8f::1,2401:c080:1c02:0807:5400:04ff:fe4d:2d16,2604:4540:8f::/48_to_vultrseoul
101700,2001:19f0:ac01:0693:5400:04ff:fe4d:2d2f,2604:4540:80::1,vultrsiliconvalley_to_2604:4540:80::/48
200017,2604:4540:80::1,2001:19f0:ac01:0693:5400:04ff:fe4d:2d2f,2604:4540:80::/48_to_vultrsiliconvalley
101701,2001:19f0:ac01:0693:5400:04ff:fe4d:2d2f,2604:4540:81::1,vultrsiliconvalley_to_2604:4540:81::/48
200117,2604:4540:81::1,2001:19f0:ac01:0693:5400:04ff:fe4d:2d2f,2604:4540:81::/48_to_vultrsiliconvalley
101702,2001:19f0:ac01:0693:5400:04ff:fe4d:2d2f,2604:4540:82::1,vultrsiliconvalley_to_2604:4540:82::/48
200217,2604:4540:82::1,2001:19f0:ac01:0693:5400:04ff:fe4d:2d2f,2604:4540:82::/48_to_vultrsiliconvalley
101703,2001:19f0:ac01:0693:5400:04ff:fe4d:2d2f,2604:4540:83::1,vultrsiliconvalley_to_2604:4540:83::/48
200317,2604:4540:83::1,2001:19f0:ac01:0693:5400:04ff:fe4d:2d2f,2604:4540:83::/48_to_vultrsiliconvalley
101704,2001:19f0:ac01:0693:5400:04ff:fe4d:2d2f,2604:4540:84::1,vultrsiliconvalley_to_2604:4540:84::/48
200417,2604:4540:84::1,2001:19f0:ac01:0693:5400:04ff:fe4d:2d2f,2604:4540:84::/48_to_vultrsiliconvalley
101705,2001:19f0:ac01:0693:5400:04ff:fe4d:2d2f,2604:4540:85::1,vultrsiliconvalley_to_2604:4540:85::/48
200517,2604:4540:85::1,2001:19f0:ac01:0693:5400:04ff:fe4d:2d2f,2604:4540:85::/48_to_vultrsiliconvalley
101706,2001:19f0:ac01:0693:5400:04ff:fe4d:2d2f,2604:4540:86::1,vultrsiliconvalley_to_2604:4540:86::/48
200617,2604:4540:86::1,2001:19f0:ac01:0693:5400:04ff:fe4d:2d2f,2604:4540:86::/48_to_vultrsiliconvalley
101707,2001:19f0:ac01:0693:5400:04ff:fe4d:2d2f,2604:4540:87::1,vultrsiliconvalley_to_2604:4540:87::/48
200717,2604:4540:87::1,2001:19f0:ac01:0693:5400:04ff:fe4d:2d2f,2604:4540:87::/48_to_vultrsiliconvalley
101708,2001:19f0:ac01:0693:5400:04ff:fe4d:2d2f,2604:4540:88::1,vultrsiliconvalley_to_2604:4540:88::/48
200817,2604:4540:88::1,2001:19f0:ac01:0693:5400:04ff:fe4d:2d2f,2604:4540:88::/48_to_vultrsiliconvalley
101709,2001:19f0:ac01:0693:5400:04ff:fe4d:2d2f,2604:4540:89::1,vultrsiliconvalley_to_2604:4540:89::/48
200917,2604:4540:89::1,2001:19f0:ac01:0693:5400:04ff:fe4d:2d2f,2604:4540:89::/48_to_vultrsiliconvalley
101710,2001:19f0:ac01:0693:5400:04ff:fe4d:2d2f,2604:4540:8a::1,vultrsiliconvalley_to_2604:4540:8a::/48
201017,2604:4540:8a::1,2001:19f0:ac01:0693:5400:04ff:fe4d:2d2f,2604:4540:8a::/48_to_vultrsiliconvalley
101711,2001:19f0:ac01:0693:5400:04ff:fe4d:2d2f,2604:4540:8b::1,vultrsiliconvalley_to_2604:4540:8b::/48
201117,2604:4540:8b::1,2001:19f0:ac01:0693:5400:04ff:fe4d:2d2f,2604:4540:8b::/48_to_vultrsiliconvalley
101712,2001:19f0:ac01:0693:5400:04ff:fe4d:2d2f,2604:4540:8c::1,vultrsiliconvalley_to_2604:4540:8c::/48
201217,2604:4540:8c::1,2001:19f0:ac01:0693:5400:04ff:fe4d:2d2f,2604:4540:8c::/48_to_vultrsiliconvalley
101713,2001:19f0:ac01:0693:5400:04ff:fe4d:2d2f,2604:4540:8d::1,vultrsiliconvalley_to_2604:4540:8d::/48
201317,2604:4540:8d::1,2001:19f0:ac01:0693:5400:04ff:fe4d:2d2f,2604:4540:8d::/48_to_vultrsiliconvalley
101714,2001:19f0:ac01:0693:5400:04ff:fe4d:2d2f,2604:4540:8e::1,vultrsiliconvalley_to_2604:4540:8e::/48
201417,2604:4540:8e::1,2001:19f0:ac01:0693:5400:04ff:fe4d:2d2f,2604:4540:8e::/48_to_vultrsiliconvalley
101715,2001:19f0:ac01:0693:5400:04ff:fe4d:2d2f,2604:4540:8f::1,vultrsiliconvalley_to_2604:4540:8f::/48
201517,2604:4540:8f::1,2001:19f0:ac01:0693:5400:04ff:fe4d:2d2f,2604:4540:8f::/48_to_vultrsiliconvalley
101800,2401:c080:1400:6ee4:5400:04ff:fe4d:2d2c,2604:4540:80::1,vultrsingapore_to_2604:4540:80::/48
200018,2604:4540:80::1,2401:c080:1400:6ee4:5400:04ff:fe4d:2d2c,2604:4540:80::/48_to_vultrsingapore
101801,2401:c080:1400:6ee4:5400:04ff:fe4d:2d2c,2604:4540:81::1,vultrsingapore_to_2604:4540:81::/48
200118,2604:4540:81::1,2401:c080:1400:6ee4:5400:04ff:fe4d:2d2c,2604:4540:81::/48_to_vultrsingapore
101802,2401:c080:1400:6ee4:5400:04ff:fe4d:2d2c,2604:4540:82::1,vultrsingapore_to_2604:4540:82::/48
200218,2604:4540:82::1,2401:c080:1400:6ee4:5400:04ff:fe4d:2d2c,2604:4540:82::/48_to_vultrsingapore
101803,2401:c080:1400:6ee4:5400:04ff:fe4d:2d2c,2604:4540:83::1,vultrsingapore_to_2604:4540:83::/48
200318,2604:4540:83::1,2401:c080:1400:6ee4:5400:04ff:fe4d:2d2c,2604:4540:83::/48_to_vultrsingapore
101804,2401:c080:1400:6ee4:5400:04ff:fe4d:2d2c,2604:4540:84::1,vultrsingapore_to_2604:4540:84::/48
200418,2604:4540:84::1,2401:c080:1400:6ee4:5400:04ff:fe4d:2d2c,2604:4540:84::/48_to_vultrsingapore
101805,2401:c080:1400:6ee4:5400:04ff:fe4d:2d2c,2604:4540:85::1,vultrsingapore_to_2604:4540:85::/48
200518,2604:4540:85::1,2401:c080:1400:6ee4:5400:04ff:fe4d:2d2c,2604:4540:85::/48_to_vultrsingapore
101806,2401:c080:1400:6ee4:5400:04ff:fe4d:2d2c,2604:4540:86::1,vultrsingapore_to_2604:4540:86::/48
200618,2604:4540:86::1,2401:c080:1400:6ee4:5400:04ff:fe4d:2d2c,2604:4540:86::/48_to_vultrsingapore
101807,2401:c080:1400:6ee4:5400:04ff:fe4d:2d2c,2604:4540:87::1,vultrsingapore_to_2604:4540:87::/48
200718,2604:4540:87::1,2401:c080:1400:6ee4:5400:04ff:fe4d:2d2c,2604:4540:87::/48_to_vultrsingapore
101808,2401:c080:1400:6ee4:5400:04ff:fe4d:2d2c,2604:4540:88::1,vultrsingapore_to_2604:4540:88::/48
200818,2604:4540:88::1,2401:c080:1400:6ee4:5400:04ff:fe4d:2d2c,2604:4540:88::/48_to_vultrsingapore
101809,2401:c080:1400:6ee4:5400:04ff:fe4d:2d2c,2604:4540:89::1,vultrsingapore_to_2604:4540:89::/48
200918,2604:4540:89::1,2401:c080:1400:6ee4:5400:04ff:fe4d:2d2c,2604:4540:89::/48_to_vultrsingapore
101810,2401:c080:1400:6ee4:5400:04ff:fe4d:2d2c,2604:4540:8a::1,vultrsingapore_to_2604:4540:8a::/48
201018,2604:4540:8a::1,2401:c080:1400:6ee4:5400:04ff:fe4d:2d2c,2604:4540:8a::/48_to_vultrsingapore
101811,2401:c080:1400:6ee4:5400:04ff:fe4d:2d2c,2604:4540:8b::1,vultrsingapore_to_2604:4540:8b::/48
201118,2604:4540:8b::1,2401:c080:1400:6ee4:5400:04ff:fe4d:2d2c,2604:4540:8b::/48_to_vultrsingapore
101812,2401:c080:1400:6ee4:5400:04ff:fe4d:2d2c,2604:4540:8c::1,vultrsingapore_to_2604:4540:8c::/48
201218,2604:4540:8c::1,2401:c080:1400:6ee4:5400:04ff:fe4d:2d2c,2604:4540:8c::/48_to_vultrsingapore
101813,2401:c080:1400:6ee4:5400:04ff:fe4d:2d2c,2604:4540:8d::1,vultrsingapore_to_2604:4540:8d::/48
201318,2604:4540:8d::1,2401:c080:1400:6ee4:5400:04ff:fe4d:2d2c,2604:4540:8d::/48_to_vultrsingapore
101814,2401:c080:1400:6ee4:5400:04ff:fe4d:2d2c,2604:4540:8e::1,vultrsingapore_to_2604:4540:8e::/48
201418,2604:4540:8e::1,2401:c080:1400:6ee4:5400:04ff:fe4d:2d2c,2604:4540:8e::/48_to_vultrsingapore
101815,2401:c080:1400:6ee4:5400:04ff:fe4d:2d2c,2604:4540:8f::1,vultrsingapore_to_2604:4540:8f::/48
201518,2604:4540:8f::1,2401:c080:1400:6ee4:5400:04ff:fe4d:2d2c,2604:4540:8f::/48_to_vultrsingapore
101900,2a05:f480:2000:13c5:5400:04ff:fe4d:2d13,2604:4540:80::1,vultrstockholm_to_2604:4540:80::/48
200019,2604:4540:80::1,2a05:f480:2000:13c5:5400:04ff:fe4d:2d13,2604:4540:80::/48_to_vultrstockholm
101901,2a05:f480:2000:13c5:5400:04ff:fe4d:2d13,2604:4540:81::1,vultrstockholm_to_2604:4540:81::/48
200119,2604:4540:81::1,2a05:f480:2000:13c5:5400:04ff:fe4d:2d13,2604:4540:81::/48_to_vultrstockholm
101902,2a05:f480:2000:13c5:5400:04ff:fe4d:2d13,2604:4540:82::1,vultrstockholm_to_2604:4540:82::/48
200219,2604:4540:82::1,2a05:f480:2000:13c5:5400:04ff:fe4d:2d13,2604:4540:82::/48_to_vultrstockholm
101903,2a05:f480:2000:13c5:5400:04ff:fe4d:2d13,2604:4540:83::1,vultrstockholm_to_2604:4540:83::/48
200319,2604:4540:83::1,2a05:f480:2000:13c5:5400:04ff:fe4d:2d13,2604:4540:83::/48_to_vultrstockholm
101904,2a05:f480:2000:13c5:5400:04ff:fe4d:2d13,2604:4540:84::1,vultrstockholm_to_2604:4540:84::/48
200419,2604:4540:84::1,2a05:f480:2000:13c5:5400:04ff:fe4d:2d13,2604:4540:84::/48_to_vultrstockholm
101905,2a05:f480:2000:13c5:5400:04ff:fe4d:2d13,2604:4540:85::1,vultrstockholm_to_2604:4540:85::/48
200519,2604:4540:85::1,2a05:f480:2000:13c5:5400:04ff:fe4d:2d13,2604:4540:85::/48_to_vultrstockholm
101906,2a05:f480:2000:13c5:5400:04ff:fe4d:2d13,2604:4540:86::1,vultrstockholm_to_2604:4540:86::/48
200619,2604:4540:86::1,2a05:f480:2000:13c5:5400:04ff:fe4d:2d13,2604:4540:86::/48_to_vultrstockholm
101907,2a05:f480:2000:13c5:5400:04ff:fe4d:2d13,2604:4540:87::1,vultrstockholm_to_2604:4540:87::/48
200719,2604:4540:87::1,2a05:f480:2000:13c5:5400:04ff:fe4d:2d13,2604:4540:87::/48_to_vultrstockholm
101908,2a05:f480:2000:13c5:5400:04ff:fe4d:2d13,2604:4540:88::1,vultrstockholm_to_2604:4540:88::/48
200819,2604:4540:88::1,2a05:f480:2000:13c5:5400:04ff:fe4d:2d13,2604:4540:88::/48_to_vultrstockholm
101909,2a05:f480:2000:13c5:5400:04ff:fe4d:2d13,2604:4540:89::1,vultrstockholm_to_2604:4540:89::/48
200919,2604:4540:89::1,2a05:f480:2000:13c5:5400:04ff:fe4d:2d13,2604:4540:89::/48_to_vultrstockholm
101910,2a05:f480:2000:13c5:5400:04ff:fe4d:2d13,2604:4540:8a::1,vultrstockholm_to_2604:4540:8a::/48
201019,2604:4540:8a::1,2a05:f480:2000:13c5:5400:04ff:fe4d:2d13,2604:4540:8a::/48_to_vultrstockholm
101911,2a05:f480:2000:13c5:5400:04ff:fe4d:2d13,2604:4540:8b::1,vultrstockholm_to_2604:4540:8b::/48
201119,2604:4540:8b::1,2a05:f480:2000:13c5:5400:04ff:fe4d:2d13,2604:4540:8b::/48_to_vultrstockholm
101912,2a05:f480:2000:13c5:5400:04ff:fe4d:2d13,2604:4540:8c::1,vultrstockholm_to_2604:4540:8c::/48
201219,2604:4540:8c::1,2a05:f480:2000:13c5:5400:04ff:fe4d:2d13,2604:4540:8c::/48_to_vultrstockholm
101913,2a05:f480:2000:13c5:5400:04ff:fe4d:2d13,2604:4540:8d::1,vultrstockholm_to_2604:4540:8d::/48
201319,2604:4540:8d::1,2a05:f480:2000:13c5:5400:04ff:fe4d:2d13,2604:4540:8d::/48_to_vultrstockholm
101914,2a05:f480:2000:13c5:5400:04ff:fe4d:2d13,2604:4540:8e::1,vultrstockholm_to_2604:4540:8e::/48
201419,2604:4540:8e::1,2a05:f480:2000:13c5:5400:04ff:fe4d:2d13,2604:4540:8e::/48_to_vultrstockholm
101915,2a05:f480:2000:13c5:5400:04ff:fe4d:2d13,2604:4540:8f::1,vultrstockholm_to_2604:4540:8f::/48
201519,2604:4540:8f::1,2a05:f480:2000:13c5:5400:04ff:fe4d:2d13,2604:4540:8f::/48_to_vultrstockholm
102000,2001:19f0:5801:1d78:5400:04ff:fe4d:2d15,2604:4540:80::1,vultrsydney_to_2604:4540:80::/48
200020,2604:4540:80::1,2001:19f0:5801:1d78:5400:04ff:fe4d:2d15,2604:4540:80::/48_to_vultrsydney
102001,2001:19f0:5801:1d78:5400:04ff:fe4d:2d15,2604:4540:81::1,vultrsydney_to_2604:4540:81::/48
200120,2604:4540:81::1,2001:19f0:5801:1d78:5400:04ff:fe4d:2d15,2604:4540:81::/48_to_vultrsydney
102002,2001:19f0:5801:1d78:5400:04ff:fe4d:2d15,2604:4540:82::1,vultrsydney_to_2604:4540:82::/48
200220,2604:4540:82::1,2001:19f0:5801:1d78:5400:04ff:fe4d:2d15,2604:4540:82::/48_to_vultrsydney
102003,2001:19f0:5801:1d78:5400:04ff:fe4d:2d15,2604:4540:83::1,vultrsydney_to_2604:4540:83::/48
200320,2604:4540:83::1,2001:19f0:5801:1d78:5400:04ff:fe4d:2d15,2604:4540:83::/48_to_vultrsydney
102004,2001:19f0:5801:1d78:5400:04ff:fe4d:2d15,2604:4540:84::1,vultrsydney_to_2604:4540:84::/48
200420,2604:4540:84::1,2001:19f0:5801:1d78:5400:04ff:fe4d:2d15,2604:4540:84::/48_to_vultrsydney
102005,2001:19f0:5801:1d78:5400:04ff:fe4d:2d15,2604:4540:85::1,vultrsydney_to_2604:4540:85::/48
200520,2604:4540:85::1,2001:19f0:5801:1d78:5400:04ff:fe4d:2d15,2604:4540:85::/48_to_vultrsydney
102006,2001:19f0:5801:1d78:5400:04ff:fe4d:2d15,2604:4540:86::1,vultrsydney_to_2604:4540:86::/48
200620,2604:4540:86::1,2001:19f0:5801:1d78:5400:04ff:fe4d:2d15,2604:4540:86::/48_to_vultrsydney
102007,2001:19f0:5801:1d78:5400:04ff:fe4d:2d15,2604:4540:87::1,vultrsydney_to_2604:4540:87::/48
200720,2604:4540:87::1,2001:19f0:5801:1d78:5400:04ff:fe4d:2d15,2604:4540:87::/48_to_vultrsydney
102008,2001:19f0:5801:1d78:5400:04ff:fe4d:2d15,2604:4540:88::1,vultrsydney_to_2604:4540:88::/48
200820,2604:4540:88::1,2001:19f0:5801:1d78:5400:04ff:fe4d:2d15,2604:4540:88::/48_to_vultrsydney
102009,2001:19f0:5801:1d78:5400:04ff:fe4d:2d15,2604:4540:89::1,vultrsydney_to_2604:4540:89::/48
200920,2604:4540:89::1,2001:19f0:5801:1d78:5400:04ff:fe4d:2d15,2604:4540:89::/48_to_vultrsydney
102010,2001:19f0:5801:1d78:5400:04ff:fe4d:2d15,2604:4540:8a::1,vultrsydney_to_2604:4540:8a::/48
201020,2604:4540:8a::1,2001:19f0:5801:1d78:5400:04ff:fe4d:2d15,2604:4540:8a::/48_to_vultrsydney
102011,2001:19f0:5801:1d78:5400:04ff:fe4d:2d15,2604:4540:8b::1,vultrsydney_to_2604:4540:8b::/48
201120,2604:4540:8b::1,2001:19f0:5801:1d78:5400:04ff:fe4d:2d15,2604:4540:8b::/48_to_vultrsydney
102012,2001:19f0:5801:1d78:5400:04ff:fe4d:2d15,2604:4540:8c::1,vultrsydney_to_2604:4540:8c::/48
201220,2604:4540:8c::1,2001:19f0:5801:1d78:5400:04ff:fe4d:2d15,2604:4540:8c::/48_to_vultrsydney
102013,2001:19f0:5801:1d78:5400:04ff:fe4d:2d15,2604:4540:8d::1,vultrsydney_to_2604:4540:8d::/48
201320,2604:4540:8d::1,2001:19f0:5801:1d78:5400:04ff:fe4d:2d15,2604:4540:8d::/48_to_vultrsydney
102014,2001:19f0:5801:1d78:5400:04ff:fe4d:2d15,2604:4540:8e::1,vultrsydney_to_2604:4540:8e::/48
201420,2604:4540:8e::1,2001:19f0:5801:1d78:5400:04ff:fe4d:2d15,2604:4540:8e::/48_to_vultrsydney
102015,2001:19f0:5801:1d78:5400:04ff:fe4d:2d15,2604:4540:8f::1,vultrsydney_to_2604:4540:8f::/48
201520,2604:4540:8f::1,2001:19f0:5801:1d78:5400:04ff:fe4d:2d15,2604:4540:8f::/48_to_vultrsydney
102100,2401:c080:1000:4aa3:5400:04ff:fe4d:2d2a,2604:4540:80::1,vultrtokyo_to_2604:4540:80::/48
200021,2604:4540:80::1,2401:c080:1000:4aa3:5400:04ff:fe4d:2d2a,2604:4540:80::/48_to_vultrtokyo
102101,2401:c080:1000:4aa3:5400:04ff:fe4d:2d2a,2604:4540:81::1,vultrtokyo_to_2604:4540:81::/48
200121,2604:4540:81::1,2401:c080:1000:4aa3:5400:04ff:fe4d:2d2a,2604:4540:81::/48_to_vultrtokyo
102102,2401:c080:1000:4aa3:5400:04ff:fe4d:2d2a,2604:4540:82::1,vultrtokyo_to_2604:4540:82::/48
200221,2604:4540:82::1,2401:c080:1000:4aa3:5400:04ff:fe4d:2d2a,2604:4540:82::/48_to_vultrtokyo
102103,2401:c080:1000:4aa3:5400:04ff:fe4d:2d2a,2604:4540:83::1,vultrtokyo_to_2604:4540:83::/48
200321,2604:4540:83::1,2401:c080:1000:4aa3:5400:04ff:fe4d:2d2a,2604:4540:83::/48_to_vultrtokyo
102104,2401:c080:1000:4aa3:5400:04ff:fe4d:2d2a,2604:4540:84::1,vultrtokyo_to_2604:4540:84::/48
200421,2604:4540:84::1,2401:c080:1000:4aa3:5400:04ff:fe4d:2d2a,2604:4540:84::/48_to_vultrtokyo
102105,2401:c080:1000:4aa3:5400:04ff:fe4d:2d2a,2604:4540:85::1,vultrtokyo_to_2604:4540:85::/48
200521,2604:4540:85::1,2401:c080:1000:4aa3:5400:04ff:fe4d:2d2a,2604:4540:85::/48_to_vultrtokyo
102106,2401:c080:1000:4aa3:5400:04ff:fe4d:2d2a,2604:4540:86::1,vultrtokyo_to_2604:4540:86::/48
200621,2604:4540:86::1,2401:c080:1000:4aa3:5400:04ff:fe4d:2d2a,2604:4540:86::/48_to_vultrtokyo
102107,2401:c080:1000:4aa3:5400:04ff:fe4d:2d2a,2604:4540:87::1,vultrtokyo_to_2604:4540:87::/48
200721,2604:4540:87::1,2401:c080:1000:4aa3:5400:04ff:fe4d:2d2a,2604:4540:87::/48_to_vultrtokyo
102108,2401:c080:1000:4aa3:5400:04ff:fe4d:2d2a,2604:4540:88::1,vultrtokyo_to_2604:4540:88::/48
200821,2604:4540:88::1,2401:c080:1000:4aa3:5400:04ff:fe4d:2d2a,2604:4540:88::/48_to_vultrtokyo
102109,2401:c080:1000:4aa3:5400:04ff:fe4d:2d2a,2604:4540:89::1,vultrtokyo_to_2604:4540:89::/48
200921,2604:4540:89::1,2401:c080:1000:4aa3:5400:04ff:fe4d:2d2a,2604:4540:89::/48_to_vultrtokyo
102110,2401:c080:1000:4aa3:5400:04ff:fe4d:2d2a,2604:4540:8a::1,vultrtokyo_to_2604:4540:8a::/48
201021,2604:4540:8a::1,2401:c080:1000:4aa3:5400:04ff:fe4d:2d2a,2604:4540:8a::/48_to_vultrtokyo
102111,2401:c080:1000:4aa3:5400:04ff:fe4d:2d2a,2604:4540:8b::1,vultrtokyo_to_2604:4540:8b::/48
201121,2604:4540:8b::1,2401:c080:1000:4aa3:5400:04ff:fe4d:2d2a,2604:4540:8b::/48_to_vultrtokyo
102112,2401:c080:1000:4aa3:5400:04ff:fe4d:2d2a,2604:4540:8c::1,vultrtokyo_to_2604:4540:8c::/48
201221,2604:4540:8c::1,2401:c080:1000:4aa3:5400:04ff:fe4d:2d2a,2604:4540:8c::/48_to_vultrtokyo
102113,2401:c080:1000:4aa3:5400:04ff:fe4d:2d2a,2604:4540:8d::1,vultrtokyo_to_2604:4540:8d::/48
201321,2604:4540:8d::1,2401:c080:1000:4aa3:5400:04ff:fe4d:2d2a,2604:4540:8d::/48_to_vultrtokyo
102114,2401:c080:1000:4aa3:5400:04ff:fe4d:2d2a,2604:4540:8e::1,vultrtokyo_to_2604:4540:8e::/48
201421,2604:4540:8e::1,2401:c080:1000:4aa3:5400:04ff:fe4d:2d2a,2604:4540:8e::/48_to_vultrtokyo
102115,2401:c080:1000:4aa3:5400:04ff:fe4d:2d2a,2604:4540:8f::1,vultrtokyo_to_2604:4540:8f::/48
201521,2604:4540:8f::1,2401:c080:1000:4aa3:5400:04ff:fe4d:2d2a,2604:4540:8f::/48_to_vultrtokyo
102200,2001:19f0:b002:01cb:5400:04ff:fe4d:2d30,2604:4540:80::1,vultrtoronto_to_2604:4540:80::/48
200022,2604:4540:80::1,2001:19f0:b002:01cb:5400:04ff:fe4d:2d30,2604:4540:80::/48_to_vultrtoronto
102201,2001:19f0:b002:01cb:5400:04ff:fe4d:2d30,2604:4540:81::1,vultrtoronto_to_2604:4540:81::/48
200122,2604:4540:81::1,2001:19f0:b002:01cb:5400:04ff:fe4d:2d30,2604:4540:81::/48_to_vultrtoronto
102202,2001:19f0:b002:01cb:5400:04ff:fe4d:2d30,2604:4540:82::1,vultrtoronto_to_2604:4540:82::/48
200222,2604:4540:82::1,2001:19f0:b002:01cb:5400:04ff:fe4d:2d30,2604:4540:82::/48_to_vultrtoronto
102203,2001:19f0:b002:01cb:5400:04ff:fe4d:2d30,2604:4540:83::1,vultrtoronto_to_2604:4540:83::/48
200322,2604:4540:83::1,2001:19f0:b002:01cb:5400:04ff:fe4d:2d30,2604:4540:83::/48_to_vultrtoronto
102204,2001:19f0:b002:01cb:5400:04ff:fe4d:2d30,2604:4540:84::1,vultrtoronto_to_2604:4540:84::/48
200422,2604:4540:84::1,2001:19f0:b002:01cb:5400:04ff:fe4d:2d30,2604:4540:84::/48_to_vultrtoronto
102205,2001:19f0:b002:01cb:5400:04ff:fe4d:2d30,2604:4540:85::1,vultrtoronto_to_2604:4540:85::/48
200522,2604:4540:85::1,2001:19f0:b002:01cb:5400:04ff:fe4d:2d30,2604:4540:85::/48_to_vultrtoronto
102206,2001:19f0:b002:01cb:5400:04ff:fe4d:2d30,2604:4540:86::1,vultrtoronto_to_2604:4540:86::/48
200622,2604:4540:86::1,2001:19f0:b002:01cb:5400:04ff:fe4d:2d30,2604:4540:86::/48_to_vultrtoronto
102207,2001:19f0:b002:01cb:5400:04ff:fe4d:2d30,2604:4540:87::1,vultrtoronto_to_2604:4540:87::/48
200722,2604:4540:87::1,2001:19f0:b002:01cb:5400:04ff:fe4d:2d30,2604:4540:87::/48_to_vultrtoronto
102208,2001:19f0:b002:01cb:5400:04ff:fe4d:2d30,2604:4540:88::1,vultrtoronto_to_2604:4540:88::/48
200822,2604:4540:88::1,2001:19f0:b002:01cb:5400:04ff:fe4d:2d30,2604:4540:88::/48_to_vultrtoronto
102209,2001:19f0:b002:01cb:5400:04ff:fe4d:2d30,2604:4540:89::1,vultrtoronto_to_2604:4540:89::/48
200922,2604:4540:89::1,2001:19f0:b002:01cb:5400:04ff:fe4d:2d30,2604:4540:89::/48_to_vultrtoronto
102210,2001:19f0:b002:01cb:5400:04ff:fe4d:2d30,2604:4540:8a::1,vultrtoronto_to_2604:4540:8a::/48
201022,2604:4540:8a::1,2001:19f0:b002:01cb:5400:04ff:fe4d:2d30,2604:4540:8a::/48_to_vultrtoronto
102211,2001:19f0:b002:01cb:5400:04ff:fe4d:2d30,2604:4540:8b::1,vultrtoronto_to_2604:4540:8b::/48
201122,2604:4540:8b::1,2001:19f0:b002:01cb:5400:04ff:fe4d:2d30,2604:4540:8b::/48_to_vultrtoronto
102212,2001:19f0:b002:01cb:5400:04ff:fe4d:2d30,2604:4540:8c::1,vultrtoronto_to_2604:4540:8c::/48
201222,2604:4540:8c::1,2001:19f0:b002:01cb:5400:04ff:fe4d:2d30,2604:4540:8c::/48_to_vultrtoronto
102213,2001:19f0:b002:01cb:5400:04ff:fe4d:2d30,2604:4540:8d::1,vultrtoronto_to_2604:4540:8d::/48
201322,2604:4540:8d::1,2001:19f0:b002:01cb:5400:04ff:fe4d:2d30,2604:4540:8d::/48_to_vultrtoronto
102214,2001:19f0:b002:01cb:5400:04ff:fe4d:2d30,2604:4540:8e::1,vultrtoronto_to_2604:4540:8e::/48
201422,2604:4540:8e::1,2001:19f0:b002:01cb:5400:04ff:fe4d:2d30,2604:4540:8e::/48_to_vultrtoronto
102215,2001:19f0:b002:01cb:5400:04ff:fe4d:2d30,2604:4540:8f::1,vultrtoronto_to_2604:4540:8f::/48
201522,2604:4540:8f::1,2001:19f0:b002:01cb:5400:04ff:fe4d:2d30,2604:4540:8f::/48_to_vultrtoronto
102300,2a05:f480:2400:1ada:5400:04ff:fe4d:2d14,2604:4540:80::1,vultrwarsaw_to_2604:4540:80::/48
200023,2604:4540:80::1,2a05:f480:2400:1ada:5400:04ff:fe4d:2d14,2604:4540:80::/48_to_vultrwarsaw
102301,2a05:f480:2400:1ada:5400:04ff:fe4d:2d14,2604:4540:81::1,vultrwarsaw_to_2604:4540:81::/48
200123,2604:4540:81::1,2a05:f480:2400:1ada:5400:04ff:fe4d:2d14,2604:4540:81::/48_to_vultrwarsaw
102302,2a05:f480:2400:1ada:5400:04ff:fe4d:2d14,2604:4540:82::1,vultrwarsaw_to_2604:4540:82::/48
200223,2604:4540:82::1,2a05:f480:2400:1ada:5400:04ff:fe4d:2d14,2604:4540:82::/48_to_vultrwarsaw
102303,2a05:f480:2400:1ada:5400:04ff:fe4d:2d14,2604:4540:83::1,vultrwarsaw_to_2604:4540:83::/48
200323,2604:4540:83::1,2a05:f480:2400:1ada:5400:04ff:fe4d:2d14,2604:4540:83::/48_to_vultrwarsaw
102304,2a05:f480:2400:1ada:5400:04ff:fe4d:2d14,2604:4540:84::1,vultrwarsaw_to_2604:4540:84::/48
200423,2604:4540:84::1,2a05:f480:2400:1ada:5400:04ff:fe4d:2d14,2604:4540:84::/48_to_vultrwarsaw
102305,2a05:f480:2400:1ada:5400:04ff:fe4d:2d14,2604:4540:85::1,vultrwarsaw_to_2604:4540:85::/48
200523,2604:4540:85::1,2a05:f480:2400:1ada:5400:04ff:fe4d:2d14,2604:4540:85::/48_to_vultrwarsaw
102306,2a05:f480:2400:1ada:5400:04ff:fe4d:2d14,2604:4540:86::1,vultrwarsaw_to_2604:4540:86::/48
200623,2604:4540:86::1,2a05:f480:2400:1ada:5400:04ff:fe4d:2d14,2604:4540:86::/48_to_vultrwarsaw
102307,2a05:f480:2400:1ada:5400:04ff:fe4d:2d14,2604:4540:87::1,vultrwarsaw_to_2604:4540:87::/48
200723,2604:4540:87::1,2a05:f480:2400:1ada:5400:04ff:fe4d:2d14,2604:4540:87::/48_to_vultrwarsaw
102308,2a05:f480:2400:1ada:5400:04ff:fe4d:2d14,2604:4540:88::1,vultrwarsaw_to_2604:4540:88::/48
200823,2604:4540:88::1,2a05:f480:2400:1ada:5400:04ff:fe4d:2d14,2604:4540:88::/48_to_vultrwarsaw
102309,2a05:f480:2400:1ada:5400:04ff:fe4d:2d14,2604:4540:89::1,vultrwarsaw_to_2604:4540:89::/48
200923,2604:4540:89::1,2a05:f480:2400:1ada:5400:04ff:fe4d:2d14,2604:4540:89::/48_to_vultrwarsaw
102310,2a05:f480:2400:1ada:5400:04ff:fe4d:2d14,2604:4540:8a::1,vultrwarsaw_to_2604:4540:8a::/48
201023,2604:4540:8a::1,2a05:f480:2400:1ada:5400:04ff:fe4d:2d14,2604:4540:8a::/48_to_vultrwarsaw
102311,2a05:f480:2400:1ada:5400:04ff:fe4d:2d14,2604:4540:8b::1,vultrwarsaw_to_2604:4540:8b::/48
201123,2604:4540:8b::1,2a05:f480:2400:1ada:5400:04ff:fe4d:2d14,2604:4540:8b::/48_to_vultrwarsaw
102312,2a05:f480:2400:1ada:5400:04ff:fe4d:2d14,2604:4540:8c::1,vultrwarsaw_to_2604:4540:8c::/48
201223,2604:4540:8c::1,2a05:f480:2400:1ada:5400:04ff:fe4d:2d14,2604:4540:8c::/48_to_vultrwarsaw
102313,2a05:f480:2400:1ada:5400:04ff:fe4d:2d14,2604:4540:8d::1,vultrwarsaw_to_2604:4540:8d::/48
201323,2604:4540:8d::1,2a05:f480:2400:1ada:5400:04ff:fe4d:2d14,2604:4540:8d::/48_to_vultrwarsaw
102314,2a05:f480:2400:1ada:5400:04ff:fe4d:2d14,2604:4540:8e::1,vultrwarsaw_to_2604:4540:8e::/48
201423,2604:4540:8e::1,2a05:f480:2400:1ada:5400:04ff:fe4d:2d14,2604:4540:8e::/48_to_vultrwarsaw
102315,2a05:f480:2400:1ada:5400:04ff:fe4d:2d14,2604:4540:8f::1,vultrwarsaw_to_2604:4540:8f::/48
201523,2604:4540:8f::1,2a05:f480:2400:1ada:5400:04ff:fe4d:2d14,2604:4540:8f::/48_to_vultrwarsaw
